Hour (clock time; 00-03 belong to previous business day),Sun-Wed,Thursday,Friday,Saturday,Public holiday,Ramadan,Eid day 1
0,0.0,13.0,9.74,4.62,4.2,31.97,6.17
1,0.0,0.0,0.0,0.0,0.0,27.52,1.5
2,0.0,0.0,0.0,0.0,0.0,11.11,0.0
6,9.12,6.75,0.46,0.0,0.0,0.0,0.0
7,16.23,12.99,2.14,1.26,1.07,0.0,3.5
8,12.92,11.02,5.59,4.04,3.07,0.0,3.83
9,10.22,8.76,7.83,8.33,7.6,0.0,1.33
10,7.24,6.52,6.6,11.16,10.6,0.0,0.67
11,5.46,5.39,1.96,10.06,9.77,0.0,2.33
12,7.74,7.62,0.41,6.97,7.13,0.0,3.17
13,10.24,9.33,3.46,5.25,4.57,0.0,1.67
14,10.84,10.0,7.21,6.89,7.77,0.0,5.67
15,12.86,13.7,14.01,11.8,11.0,4.52,7.67
16,15.75,17.15,19.38,17.16,18.37,10.28,12.5
17,15.06,17.73,18.44,19.01,19.73,6.06,15.17
18,15.09,18.47,19.02,18.62,19.47,0.0,16.67
19,17.72,23.64,21.51,20.26,20.03,7.38,19.5
20,19.97,30.07,26.66,21.76,22.37,30.31,18.67
21,17.99,30.59,27.29,19.71,21.3,33.26,22.83
22,13.04,26.61,23.16,15.01,16.4,45.38,18.33
23,7.62,21.66,16.7,10.4,10.87,38.47,11.33
