Year,Month,Days,Month_Name,Orders,Items_Sold,Gross_Sales,Discount,Return_Amount,Net_Sales,COGS,Gross_Profit,Payment_Fee,Delivery_Commission,Total_Opex,Net_Profit,New_Customers,AOV,Items_per_Order,Gross_Margin_%,Net_Margin_%,Discount_Rate_%,Avg_Daily_Orders,Avg_Daily_Net_Sales,Active_Customers,MoM_Net_Sales_%,YoY_Net_Sales_%,Expected_Orders_(structural),Orders_vs_Structural_Expectation_%,Performance_Flag
2023,1,31,January,6556,12320,205442.18,4197.1,571.3,200673.78,57627.8,143045.98,1496.91,7315.56,113349.94,20883.57,217,30.61,1.88,71.28,10.41,2.04,211.48,6473.35,1183,,,6573.04,-0.26,In line
2023,2,28,February,6035,11789,198672.6,7781.02,604.1,190287.48,56375.95,133911.53,1411.63,6967.54,110195.99,15336.37,210,31.53,1.95,70.37,8.06,3.92,215.54,6795.98,1185,-5.18,,6106.47,-1.17,In line
2023,3,31,March,7313,14865,256977.91,6797.79,624.75,249555.37,71915.35,177640.02,1795.89,10452.45,118064.3,47327.38,258,34.12,2.03,71.18,18.96,2.65,235.9,8050.17,1305,31.15,,6862.1,6.57,Outperformed
2023,4,30,April,6418,13875,252065.99,7287.67,683.64,244094.68,70557.35,173537.33,1685.52,12361.14,123585.42,35905.25,258,38.03,2.16,71.09,14.71,2.89,213.93,8136.49,1244,-2.19,,6342.83,1.19,In line
2023,5,31,May,6581,12972,216615.11,5296.79,565.23,210753.09,59760.1,150992.99,1505.44,10010.25,117077.94,22399.36,236,32.02,1.97,71.64,10.63,2.45,212.29,6798.49,1219,-13.66,,6371.01,3.3,Outperformed
2023,6,30,June,5504,11086,189904.78,4606.03,506.95,184791.8,54109.25,130682.55,1237.68,10130.94,116348.85,2965.08,192,33.57,2.01,70.72,1.6,2.43,183.47,6159.73,1154,-12.32,,5701.06,-3.46,Underperformed
2023,7,31,July,4920,9872,166731.93,3750.21,481.74,162499.98,46873.8,115626.18,1084.94,9920.9,124640.24,-20019.9,166,33.03,2.01,71.15,-12.32,2.25,158.71,5241.93,1049,-12.06,,4781.17,2.9,In line
2023,8,31,August,5594,11036,186358.4,4649.94,658.26,181050.2,52749.1,128301.1,1226.65,10302.3,118365.3,-1593.15,205,32.37,1.97,70.86,-0.88,2.5,180.45,5840.33,1135,11.42,,5588.45,0.1,In line
2023,9,30,September,6762,13824,232761.0,12731.67,536.51,219492.82,65524.05,153968.77,1579.98,10163.2,139174.16,3051.43,419,32.46,2.04,70.15,1.39,5.47,225.4,7316.43,1421,21.23,,6613.07,2.25,In line
2023,10,31,October,7645,14709,248276.16,6677.12,795.64,240803.4,69099.9,171703.5,1798.86,9609.58,114960.99,45334.07,291,31.5,1.92,71.3,18.83,2.69,246.61,7767.85,1454,9.71,,7264.97,5.23,Outperformed
2023,11,30,November,7529,14586,244194.3,17190.07,902.22,226102.01,67494.25,158607.76,1742.94,8945.4,120936.55,26982.87,364,30.03,1.94,70.15,11.93,7.04,250.97,7536.73,1525,-6.11,,7548.22,-0.25,In line
2023,12,31,December,7489,14250,238926.91,7186.77,716.51,231023.63,67568.0,163455.63,1823.71,7874.69,113703.3,40053.93,278,30.85,1.9,70.75,17.34,3.01,241.58,7452.38,1442,2.18,,7483.93,0.07,In line
2024,1,31,January,7594,14400,241171.05,7031.23,510.41,233629.41,70414.37,163215.04,1815.99,8507.13,118969.27,33922.65,301,30.76,1.9,69.86,14.52,2.92,244.97,7536.43,1480,1.13,16.42,7453.71,1.88,In line
2024,2,29,February,7770,14926,250142.46,10811.31,634.41,238696.74,72287.58,166409.16,1861.05,8414.77,117324.35,38808.99,393,30.72,1.92,69.72,16.26,4.32,267.93,8230.92,1590,2.17,25.44,7547.7,2.95,In line
2024,3,31,March,7952,16382,299995.49,10130.94,846.53,289018.02,84392.39,204625.63,2165.88,13203.74,129693.11,59562.9,315,36.35,2.06,70.8,20.61,3.38,256.52,9323.16,1638,21.08,15.81,7670.85,3.67,Outperformed
2024,4,30,April,7004,14300,259204.34,7576.75,713.88,250913.71,73597.8,177315.91,1845.68,11588.32,123859.42,40022.49,295,35.82,2.04,70.67,15.95,2.92,233.47,8363.79,1583,-13.18,2.79,6914.02,1.3,In line
2024,5,31,May,6615,12942,220004.7,7411.65,638.25,211954.8,61522.37,150432.43,1530.04,10294.7,122908.62,15699.07,247,32.04,1.96,70.97,7.41,3.37,213.39,6837.25,1476,-15.53,0.57,6790.24,-2.58,In line
2024,6,30,June,5652,11297,197738.37,5142.36,400.86,192195.15,57200.13,134995.02,1364.73,9904.25,121567.41,2158.63,222,34.0,2.0,70.24,1.12,2.6,188.4,6406.5,1418,-9.32,4.01,5909.01,-4.35,Underperformed
2024,7,31,July,5874,11540,199356.66,9992.87,596.71,188767.08,58308.97,130458.11,1303.44,11382.4,129832.41,-12060.14,273,32.14,1.96,69.11,-6.39,5.01,189.48,6089.26,1437,-1.78,16.16,5626.57,4.4,Outperformed
2024,8,31,August,6230,12258,212531.83,11766.52,573.03,200192.28,62225.89,137966.39,1411.91,11482.75,133390.41,-8318.68,357,32.13,1.97,68.92,-4.16,5.54,200.97,6457.82,1552,6.05,10.57,6625.46,-5.97,Underperformed
2024,9,30,September,7236,14230,243761.71,13085.11,547.66,230128.94,70145.6,159983.34,1714.7,10217.71,125880.09,22170.84,311,31.8,1.97,69.52,9.63,5.37,241.2,7670.96,1604,14.95,4.85,7242.03,-0.08,In line
2024,10,31,October,7625,14362,249151.5,7872.97,769.55,240508.98,71475.48,169033.5,1835.77,10273.84,121935.98,34987.91,297,31.54,1.88,70.28,14.55,3.16,245.97,7758.35,1620,4.51,-0.12,7969.06,-4.32,Underperformed
2024,11,30,November,8212,16542,285828.46,20898.03,595.13,264335.3,82644.42,181690.88,2052.03,9894.61,123676.47,46067.77,425,32.19,2.01,68.74,17.43,7.31,273.73,8811.18,1816,9.91,16.91,8137.71,0.91,In line
2024,12,31,December,9012,17019,293463.28,13874.8,978.75,278609.73,85265.56,193344.17,2210.63,10125.95,122220.74,58786.85,401,30.92,1.89,69.4,21.1,4.73,290.71,8987.41,1854,5.4,20.6,8282.33,8.81,Outperformed
2025,1,31,January,8092,15568,267816.88,12507.53,662.17,254647.18,78182.08,176465.1,2004.4,8357.37,127454.45,38648.88,350,31.47,1.92,69.3,15.18,4.67,261.03,8214.43,1830,-8.6,9.0,7908.69,2.32,In line
2025,2,28,February,7761,15384,265925.85,16909.57,312.94,248703.34,78035.22,170668.12,1948.96,8036.96,123705.94,36976.26,338,32.05,1.98,68.62,14.87,6.36,277.18,8882.26,1823,-2.33,4.19,7443.09,4.27,Outperformed
2025,3,31,March,7960,17426,334591.92,11604.47,846.78,322140.67,98431.52,223709.15,2364.44,15383.55,142130.18,63830.98,378,40.47,2.19,69.44,19.81,3.47,256.77,10391.63,1863,29.53,11.46,8049.19,-1.11,In line
2025,4,30,April,7601,14810,261147.48,9063.13,853.91,251230.44,76380.19,174850.25,1968.73,9197.49,126456.49,37227.54,311,33.05,1.95,69.6,14.82,3.47,253.37,8374.35,1807,-22.01,0.13,7584.51,0.22,In line
2025,5,31,May,7908,15480,268979.16,8931.73,779.12,259268.31,81339.01,177929.3,1920.09,11211.82,131976.43,32820.96,340,32.79,1.96,68.63,12.66,3.32,255.1,8363.49,1829,3.2,22.32,7654.75,3.31,Outperformed
2025,6,30,June,6398,12890,227201.35,8901.41,761.72,217538.22,70779.53,146758.69,1584.98,10217.32,130526.68,4429.71,277,34.0,2.01,67.46,2.04,3.92,213.27,7251.27,1678,-16.1,13.19,6785.0,-5.7,Underperformed
2025,7,31,July,6168,12322,214444.01,11072.77,632.82,202738.42,66150.57,136587.85,1402.57,11413.98,137545.91,-13774.61,322,32.87,2.0,67.37,-6.79,5.16,198.97,6539.95,1669,-6.8,7.4,6105.97,1.02,In line
2025,8,31,August,5809,11606,201704.1,11757.59,722.6,189223.91,62178.54,127045.37,1304.5,10649.24,138857.51,-23765.88,331,32.57,2.0,67.14,-12.56,5.83,187.39,6104.0,1669,-6.67,-5.48,6214.77,-6.53,Underperformed
2025,9,30,September,7735,15493,270391.17,15249.35,621.43,254520.39,81531.06,172989.33,1899.17,10428.06,134509.67,26152.43,378,32.91,2.0,67.97,10.28,5.64,257.83,8484.01,1816,34.51,10.6,7744.46,-0.12,In line
2025,10,31,October,8695,16980,297432.15,10911.77,686.97,285833.41,90111.21,195722.2,2178.19,10942.24,128363.53,54238.24,351,32.87,1.95,68.47,18.98,3.67,280.48,9220.43,1907,12.3,18.85,8483.28,2.5,In line
2025,11,30,November,8747,17011,295669.74,22512.64,720.16,272436.94,89343.71,183093.23,2207.13,9382.49,132771.44,38732.17,520,31.15,1.94,67.21,14.22,7.61,291.57,9081.23,2101,-4.69,3.06,8626.48,1.4,In line
2025,12,31,December,8409,15870,276133.44,11935.21,605.92,263592.31,84382.02,179210.29,2123.45,8780.07,128173.71,40133.06,360,31.35,1.89,67.99,15.23,4.32,271.26,8502.98,1955,-3.25,-5.39,8698.42,-3.33,Underperformed
