Product_ID,Product_Name,Category,Units_Sold,Order_Lines,Gross_Sales,Discount,Net_Sales,COGS,Gross_Profit,Days_On_Sale,Avg_Net_Price,Gross_Margin_%,Units_Share_%,Net_Sales_Share_%,Gross_Profit_Share_%,Units_per_Day_On_Sale,Rank_Net_Sales,Season_Index_Winter,Season_Index_Spring,Season_Index_Summer,Season_Index_Autumn,Peak_Month,Units_2023,Units_2024,Units_2025,Volume_Margin_Quadrant
P012,Iced Spanish Latte,Iced Coffee,56046,50580,1104207.3,43704.36,1057480.58,324504.66,732975.92,1096,18.87,69.31,11.07,12.62,12.56,51.14,1,0.52,1.16,1.2,1.11,May,17572,18849,19625,"Star: high volume, high margin"
P007,Spanish Latte,Espresso Drinks,44914,41251,843597.89,37880.1,803220.4,238636.68,564583.72,1096,17.88,70.29,8.87,9.58,9.67,40.98,2,1.52,1.08,0.37,1.02,March,14114,14891,15909,"Star: high volume, high margin"
P011,Iced Latte,Iced Coffee,35098,33393,630611.3,37205.29,591721.23,149728.32,441992.91,1096,16.86,74.7,6.93,7.06,7.57,32.02,3,0.56,1.1,1.19,1.15,September,10738,11893,12467,"Star: high volume, high margin"
P010,Iced Americano,Iced Coffee,27246,25965,381904.62,26142.78,354699.99,65923.75,288776.24,1096,13.02,81.41,5.38,4.23,4.95,24.86,4,0.53,1.11,1.21,1.15,May,7994,9229,10023,"Star: high volume, high margin"
P018,Iced Matcha Latte,Tea & Matcha,17538,16890,366018.06,13942.08,350980.3,116876.92,234103.38,1095,20.01,66.7,3.46,4.19,4.01,16.02,5,0.53,1.13,1.16,1.18,September,5344,5881,6313,"Traffic driver: high volume, lower margin"
P014,Cold Brew,Iced Coffee,18771,18014,359996.64,16103.16,343092.58,59412.85,283679.73,1096,18.28,82.68,3.71,4.09,4.86,17.13,6,0.53,1.11,1.23,1.13,May,5919,6313,6539,"Star: high volume, high margin"
P005,Latte,Espresso Drinks,20951,20062,357146.47,19350.68,336839.35,81908.39,254930.96,1096,16.08,75.68,4.14,4.02,4.37,19.12,7,1.53,1.04,0.39,1.04,December,6510,7014,7427,"Star: high volume, high margin"
P029,San Sebastian Cheesecake,Desserts,11955,11422,308698.26,5784.34,301909.1,128586.66,173322.44,1095,25.25,57.41,2.36,3.6,2.97,10.92,8,0.99,1.19,0.76,1.06,March,3651,3989,4315,"Traffic driver: high volume, lower margin"
P003,Americano,Espresso Drinks,22460,21709,295674.58,20658.9,274236.55,49171.0,225065.55,1096,12.21,82.07,4.44,3.27,3.86,20.49,9,1.56,0.98,0.4,1.06,December,6605,7630,8225,"Star: high volume, high margin"
P016,Saudi Qahwa (Dallah),Specialty Coffee,9560,9103,232786.0,6603.27,225768.78,47800.0,177968.78,1073,23.62,78.83,1.89,2.69,3.05,8.91,10,1.17,1.56,0.41,0.86,March,2744,3224,3592,"Niche: low volume, high margin"
P013,Iced Mocha,Iced Coffee,11286,10904,232186.71,9164.93,222367.68,66694.68,155673.0,1095,19.7,70.01,2.23,2.65,2.67,10.31,11,0.56,1.11,1.18,1.15,May,3484,3711,4091,"Niche: low volume, high margin"
P030,Chocolate Fudge Cake,Desserts,9425,9125,221299.0,4375.34,216280.32,94664.08,121616.24,1094,22.95,56.23,1.86,2.58,2.08,8.62,12,0.99,1.16,0.77,1.08,March,2838,3117,3470,"Review: low volume, lower margin"
P009,Caramel Macchiato,Espresso Drinks,11231,10866,220713.7,9795.37,210216.99,60913.85,149303.14,1091,18.72,71.02,2.22,2.51,2.56,10.29,13,1.56,1.05,0.37,1.02,December,3480,3866,3885,"Niche: low volume, high margin"
P006,Flat White,Espresso Drinks,13024,12677,221872.01,11560.54,209848.78,47988.19,161860.59,1088,16.11,77.13,2.57,2.5,2.77,11.97,14,1.53,0.99,0.39,1.1,December,4173,4406,4445,"Star: high volume, high margin"
P004,Cappuccino,Espresso Drinks,13683,13233,221219.01,12644.47,208032.95,48969.73,159063.22,1095,15.2,76.46,2.7,2.48,2.73,12.5,15,1.54,1.0,0.41,1.05,December,4340,4610,4733,"Star: high volume, high margin"
P017,Matcha Latte,Tea & Matcha,10756,10454,215120.0,9453.0,205022.0,69461.46,135560.54,1090,19.06,66.12,2.12,2.45,2.32,9.87,16,1.5,1.04,0.41,1.06,December,3258,3624,3874,"Review: low volume, lower margin"
P008,Mocha,Espresso Drinks,10499,10152,206283.37,7433.19,198316.63,58081.42,140235.21,1082,18.89,70.71,2.07,2.37,2.4,9.7,17,1.53,1.04,0.4,1.03,December,3313,3563,3623,"Niche: low volume, high margin"
P015,V60 Pour Over,Specialty Coffee,8558,8260,200863.54,8771.13,191613.42,68622.5,122990.92,1076,22.39,64.19,1.69,2.29,2.11,7.95,18,1.58,1.03,0.39,1.0,December,2686,2953,2919,"Review: low volume, lower margin"
P032,Turkey & Cheese Sandwich,Sandwiches,6861,6523,165307.08,1293.82,163662.1,87892.1,75770.0,1092,23.85,46.3,1.36,1.95,1.3,6.28,19,1.13,0.88,0.84,1.14,November,2036,2317,2508,"Review: low volume, lower margin"
P022,Mint Lemonade,Other Beverages,11468,11010,169497.04,11099.64,157985.78,29816.8,128168.98,1095,13.78,81.13,2.27,1.88,2.2,10.47,20,0.62,1.09,1.12,1.18,September,3444,3833,4191,"Niche: low volume, high margin"
P033,Halloumi Pesto Sandwich,Sandwiches,6754,6492,156626.42,1046.32,155009.63,81566.36,73443.27,1091,22.95,47.38,1.33,1.85,1.26,6.19,21,1.12,0.9,0.83,1.15,October,2095,2296,2363,"Review: low volume, lower margin"
P031,Honey Cake,Desserts,6200,5995,134788.0,2693.97,131646.18,54608.8,77037.38,1082,21.23,58.52,1.22,1.57,1.32,5.73,22,1.0,1.19,0.78,1.04,March,1936,2032,2232,"Review: low volume, lower margin"
P037,Iced Saffron Rose Latte,Seasonal,6107,5783,132766.18,3456.04,128891.66,46330.15,82561.51,276,21.11,64.05,1.21,1.54,1.41,22.13,23,0.0,0.0,4.0,0.0,June,1988,2067,2052,"Traffic driver: high volume, lower margin"
P024,Butter Croissant,Bakery,11718,11185,125723.1,801.19,124490.79,55191.76,69299.03,1089,10.62,55.67,2.31,1.49,1.19,10.76,24,1.13,0.8,0.85,1.21,December,3510,4004,4204,"Review: low volume, lower margin"
P019,Karak Tea,Tea & Matcha,13722,13221,131319.54,9738.34,121370.66,22903.4,98467.26,1093,8.84,81.13,2.71,1.45,1.69,12.55,25,1.32,1.22,0.47,0.99,March,4240,4725,4757,"Star: high volume, high margin"
P034,Chicken Caesar Wrap,Sandwiches,4679,4424,120798.82,1104.56,119278.56,64208.24,55070.32,1063,25.49,46.17,0.92,1.42,0.94,4.4,26,1.13,0.88,0.81,1.18,December,1419,1584,1676,"Review: low volume, lower margin"
P036,Pistachio Latte,Seasonal,5446,5231,118396.04,3133.7,115009.07,38760.36,76248.71,271,21.12,66.3,1.08,1.37,1.31,20.1,27,4.0,0.0,0.0,0.0,December,1724,1848,1874,"Traffic driver: high volume, lower margin"
P027,Chocolate Chip Cookie,Bakery,12927,12384,112464.9,703.65,111291.45,41116.28,70175.17,1094,8.61,63.06,2.55,1.33,1.2,11.82,28,1.11,0.87,0.85,1.17,November,3816,4182,4929,"Traffic driver: high volume, lower margin"
P021,Hot Chocolate,Other Beverages,7145,6789,111819.25,7293.23,104310.05,31294.25,73015.8,1068,14.6,70.0,1.41,1.24,1.25,6.69,29,1.33,1.18,0.44,1.05,March,2004,2438,2703,"Niche: low volume, high margin"
P039,Ramadan Qahwa & Dates Box,Seasonal,1550,1480,87606.0,0.0,87379.92,33427.59,53952.33,100,56.37,61.74,0.31,1.04,0.92,15.5,30,0.0,4.0,0.0,0.0,March,415,538,597,"Traffic driver: high volume, lower margin"
P002,Cortado,Espresso Drinks,6143,5950,88738.6,5570.34,83057.33,17393.83,65663.5,1070,13.52,79.06,1.21,0.99,1.13,5.74,31,1.39,0.98,0.5,1.12,November,1910,2032,2201,"Niche: low volume, high margin"
P025,Almond Croissant,Bakery,5787,5655,82220.64,468.59,81513.14,37329.74,44183.4,1071,14.09,54.2,1.14,0.97,0.76,5.4,32,1.15,0.84,0.85,1.15,November,1733,1986,2068,"Review: low volume, lower margin"
P026,Zaatar & Cheese Croissant,Bakery,5910,5694,73736.04,500.43,73052.19,33907.98,39144.21,1071,12.36,53.58,1.17,0.87,0.67,5.52,33,1.12,0.87,0.85,1.16,October,1815,1921,2174,"Review: low volume, lower margin"
P001,Espresso,Espresso Drinks,6727,6528,76943.39,6412.83,70395.48,13753.39,56642.09,1081,10.46,80.46,1.33,0.84,0.97,6.22,34,1.39,0.94,0.53,1.13,December,1878,2250,2599,"Niche: low volume, high margin"
P035,Pumpkin Spice Latte,Seasonal,3061,2965,63883.07,2745.01,60971.1,18973.42,41997.68,183,19.92,68.88,0.6,0.73,0.72,16.73,35,0.0,0.0,0.0,4.0,November,997,1001,1063,"Traffic driver: high volume, lower margin"
P023,Mineral Water,Other Beverages,17107,13167,44649.27,191.1,44357.42,15396.3,28961.12,1095,2.59,65.29,3.38,0.53,0.5,15.62,36,0.81,0.94,1.22,1.03,September,5296,5814,5997,"Traffic driver: high volume, lower margin"
P020,Black Tea,Tea & Matcha,6065,5855,47488.95,3428.76,43958.4,4852.0,39106.4,1071,7.25,88.96,1.2,0.52,0.67,5.66,37,1.34,1.1,0.49,1.07,March,1835,1928,2302,"Niche: low volume, high margin"
P038,National Day Green Latte,Seasonal,2136,1995,42720.0,2571.0,40093.0,12228.48,27864.52,63,18.77,69.5,0.42,0.48,0.48,33.9,38,0.0,0.0,0.0,4.0,September,680,731,725,"Star: high volume, high margin"
P028,Date Ma'amoul Cookie,Bakery,5138,4960,35760.48,278.44,35365.11,14231.13,21133.98,1076,6.88,59.76,1.01,0.42,0.36,4.78,39,1.13,0.88,0.8,1.2,October,1503,1688,1947,"Review: low volume, lower margin"
P040,Eid Ma'amoul Box,Seasonal,570,547,27263.1,0.0,27215.27,12852.62,14362.65,48,47.75,52.77,0.11,0.32,0.25,11.88,40,0.0,2.38,1.62,0.0,April,147,220,203,"Traffic driver: high volume, lower margin"
