Factor,Level,Days,Model_Component_Multiplier,Expected_Orders_Lift,Observed_Orders_Lift,Observed_Net_Sales_Lift,Observed_AOV_Lift,Observed_Gross_Profit_Lift,Note
Day of week,Sunday,66.0,0.966,0.967,0.957,0.881,0.922,,Ratio to centred 7-day moving average; Ramadan/holiday/promo weeks excluded
Day of week,Monday,69.0,0.938,0.943,0.947,0.859,0.905,,Ratio to centred 7-day moving average; Ramadan/holiday/promo weeks excluded
Day of week,Tuesday,70.0,0.963,0.968,0.966,0.889,0.919,,Ratio to centred 7-day moving average; Ramadan/holiday/promo weeks excluded
Day of week,Wednesday,73.0,1.003,1.004,0.99,0.928,0.936,,Ratio to centred 7-day moving average; Ramadan/holiday/promo weeks excluded
Day of week,Thursday,69.0,1.218,1.227,1.226,1.216,0.991,,Ratio to centred 7-day moving average; Ramadan/holiday/promo weeks excluded
Day of week,Friday,67.0,0.991,0.987,1.006,1.177,1.171,,Ratio to centred 7-day moving average; Ramadan/holiday/promo weeks excluded
Day of week,Saturday,67.0,0.917,0.91,0.92,1.06,1.152,,Ratio to centred 7-day moving average; Ramadan/holiday/promo weeks excluded
Month,January,93.0,1.009,1.031,1.021,0.967,0.945,,"Winter peak, Riyadh Season, comfortable outdoor seating. Component = month behaviour x climate"
Month,February,85.0,1.032,1.083,1.081,1.04,0.958,,Winter; Founding Day; exams/term break. Component = month behaviour x climate
Month,March,93.0,1.045,1.066,1.069,1.207,1.125,,"Spring; Ramadan in 2024-2025 (fewer, larger orders). Component = month behaviour x climate"
Month,April,90.0,1.009,0.996,0.998,1.089,1.088,,Ramadan/Eid Al-Fitr 2023-2024; warming. Component = month behaviour x climate
Month,May,93.0,0.958,0.971,0.97,0.958,0.987,,Heat rising; exam season approaches. Component = month behaviour x climate
Month,June,90.0,0.922,0.834,0.834,0.864,1.04,,"Exams end, summer travel begins; Eid Al-Adha. Component = month behaviour x climate"
Month,July,93.0,0.842,0.765,0.778,0.778,0.994,,Peak heat & travel abroad; students away. Component = month behaviour x climate
Month,August,93.0,0.892,0.813,0.813,0.805,0.994,,Summer trough; back-to-school end of month. Component = month behaviour x climate
Month,September,90.0,0.969,1.033,1.032,1.024,0.989,,Schools back; National Day. Component = month behaviour x climate
Month,October,93.0,1.029,1.11,1.103,1.079,0.977,,Autumn recovery; Riyadh Season starts; Pumpkin Spice. Component = month behaviour x climate
Month,November,90.0,1.061,1.17,1.163,1.108,0.952,,Cooler; White Friday promotion. Component = month behaviour x climate
Month,December,93.0,1.038,1.137,1.146,1.088,0.95,,Winter peak; Riyadh Season events; Pistachio Latte. Component = month behaviour x climate
Ramadan,All Ramadan days,85.0,0.972,1.019,1.02,1.264,1.242,1.261,Demand shifts to night; fewer but larger orders
Ramadan,Nights 1-3,8.0,0.875,0.933,0.964,1.178,1.23,1.185,
Ramadan,Nights 4-19,46.0,0.98,1.045,1.041,1.269,1.218,1.269,
Ramadan,Last 10 nights (excl. Eid eve),27.0,0.958,0.969,0.968,1.248,1.291,1.236,
Ramadan,Eid Al-Fitr eve (last night),3.0,1.248,1.212,1.195,1.513,1.269,1.508,
Ramadan,Ramadan 2023,29.0,0.99,1.028,1.024,1.245,1.222,1.244,
Ramadan,Ramadan 2024,30.0,0.955,1.054,1.03,1.318,1.273,1.314,
Ramadan,Ramadan 2025,26.0,0.974,0.969,1.004,1.221,1.23,1.218,
Ramadan,Ramadan eve (night before),3.0,1.079,1.142,1.183,1.242,1.066,1.249,
Holidays & Eid,Eid Al-Fitr day 1,3.0,0.939,0.903,0.833,1.126,1.334,1.118,
Holidays & Eid,Eid Al-Fitr day 2,3.0,1.18,1.034,0.98,1.253,1.312,1.224,
Holidays & Eid,Eid Al-Fitr day 3,3.0,1.149,1.104,1.127,1.434,1.313,1.413,
Holidays & Eid,Eid Al-Fitr day 4,3.0,1.018,0.959,1.003,1.355,1.36,1.337,
Holidays & Eid,Post-Eid Al-Fitr (days 5-7),9.0,0.858,0.815,0.806,0.846,1.052,0.854,
Holidays & Eid,Day of Arafah,3.0,0.772,0.64,0.731,0.89,1.214,0.881,
Holidays & Eid,Eid Al-Adha day 1,3.0,0.749,0.687,0.752,1.001,1.38,0.981,
Holidays & Eid,Eid Al-Adha day 2,3.0,1.098,0.928,0.898,1.115,1.302,1.096,
Holidays & Eid,Eid Al-Adha day 3,3.0,1.075,0.926,0.998,1.25,1.293,1.238,
Holidays & Eid,Eid Al-Adha day 4,3.0,0.963,0.841,0.867,1.176,1.353,1.147,
Holidays & Eid,Post-Eid Al-Adha (days 5-7),9.0,0.873,0.791,0.792,0.781,0.983,0.779,
Holidays & Eid,Saudi National Day (Sep 23),3.0,1.152,1.131,1.029,0.966,0.94,0.885,Includes National Day Offer promotion
Holidays & Eid,National Day Eve,3.0,1.049,1.051,1.002,0.949,0.932,0.882,
Holidays & Eid,Saudi Founding Day (Feb 22),3.0,1.097,0.962,1.025,0.995,0.985,0.935,Includes Founding Day Offer promotion
Holidays & Eid,Bridge holiday,3.0,1.008,0.875,0.946,0.99,1.029,0.927,
Salary cycle (payday = 27th),Payday to +2 days,69.0,1.049,1.077,1.073,1.152,1.075,,Ratio to centred 29-day moving average; normal days only
Salary cycle (payday = 27th),+3 to +6 days,93.0,1.012,1.001,0.995,0.98,0.983,,Ratio to centred 29-day moving average; normal days only
Salary cycle (payday = 27th),+7 to +13 days,179.0,1.002,1.0,1.002,1.008,1.006,,Ratio to centred 29-day moving average; normal days only
Salary cycle (payday = 27th),+14 to +20 days,175.0,0.991,0.994,0.995,1.002,1.008,,Ratio to centred 29-day moving average; normal days only
Salary cycle (payday = 27th),+21 days to next payday (squeeze),219.0,0.97,0.975,0.976,0.963,0.989,,Ratio to centred 29-day moving average; normal days only
Promotions,White Friday,18.0,1.208,1.216,1.229,1.058,0.865,0.952,Avg discount on promoted lines 20%
Promotions,Post-White Friday,21.0,0.962,0.989,0.989,0.988,1.006,0.985,Post-promotion pull-forward dip
Promotions,Back to School 15%,28.0,1.061,0.984,0.961,0.909,0.953,0.889,Avg discount on promoted lines 15%
Promotions,App Launch 25% Off,21.0,1.042,1.016,1.036,1.037,1.013,1.016,Avg discount on promoted lines 25%
Promotions,National Day Offer,12.0,1.065,1.046,1.032,0.953,0.921,0.876,Avg discount on promoted lines 20%
Promotions,Founding Day Offer,9.0,1.026,0.949,0.993,0.934,0.94,0.879,Avg discount on promoted lines 15%
Promotions,Ramadan Nights Desserts 10%,85.0,1.0,1.019,1.02,1.264,1.242,1.261,Avg discount on promoted lines 10%
Promotions,Monday Boost 15% (Monday weekly index vs normal Mondays),8.0,1.104,1.071,1.088,0.987,,,"Jan-Feb 2025 only; avg discount on promoted lines 15%. The promo also lifts the 7-day MA slightly, so this estimator understates the lift a little"
Promotions,Summer Iced Happy Hour (14:00-17:00 share of orders),,,,1.272,,,,"Hour-level promo: window share 15.7% in 2023 (no promo) vs 19.9% / 20.2% in 2024 / 2025; designed hourly boost x1.45 (students, leisure, delivery)"
Unlabelled anomalies (ground truth only),Sandstorm,6.0,0.773,0.745,0.739,0.738,1.003,0.744,Not flagged in the transaction file - a robust model should treat these as outliers
Unlabelled anomalies (ground truth only),Rain,9.0,0.911,0.92,0.964,0.964,1.009,0.95,Not flagged in the transaction file - a robust model should treat these as outliers
Unlabelled anomalies (ground truth only),Nearby Riyadh Season event,3.0,1.235,1.241,1.195,1.16,0.974,1.17,Not flagged in the transaction file - a robust model should treat these as outliers
Unlabelled anomalies (ground truth only),Espresso machine breakdown,1.0,0.875,0.887,0.925,0.97,1.066,0.972,Not flagged in the transaction file - a robust model should treat these as outliers
Unlabelled anomalies (ground truth only),Power outage,1.0,0.767,0.763,0.903,0.79,0.899,0.794,Not flagged in the transaction file - a robust model should treat these as outliers
