Week_Start,Days_In_Week,Orders,Items_Sold,Gross_Sales,Discount,Return_Amount,Net_Sales,COGS,Gross_Profit,Payment_Fee,Delivery_Commission,Total_Opex,Net_Profit,New_Customers,AOV,Items_per_Order,Gross_Margin_%,Net_Margin_%,Discount_Rate_%
2023-01-01,7,1548,2936,49322.15,446.91,66.96,48808.28,13911.2,34897.08,379.93,1491.37,25595.28,7430.5,54,31.53,1.9,71.5,15.22,0.91
2023-01-08,7,1486,2754,45702.33,1126.87,120.0,44455.46,12744.7,31710.76,335.36,1486.51,25674.7,4214.19,49,29.92,1.85,71.33,9.48,2.47
2023-01-15,7,1424,2598,43113.42,1158.18,132.17,41823.07,12146.8,29676.27,306.86,1658.42,25506.24,2204.75,47,29.37,1.82,70.96,5.27,2.69
2023-01-22,7,1550,3035,50861.34,1011.25,211.3,49638.79,14273.1,35365.69,357.85,2005.89,25572.59,7429.36,53,32.03,1.96,71.25,14.97,1.99
2023-01-29,7,1505,2951,49266.38,1445.12,160.0,47661.26,13745.45,33915.81,350.93,1820.86,26444.17,5299.85,44,31.67,1.96,71.16,11.12,2.93
2023-02-05,7,1548,2963,49584.74,1068.68,130.43,48385.63,14019.45,34366.18,365.07,1786.5,27258.61,4956.0,47,31.26,1.91,71.03,10.24,2.16
2023-02-12,7,1472,2849,48171.54,1342.19,166.08,46663.27,13718.55,32944.72,352.37,1727.66,27139.53,3725.16,58,31.7,1.94,70.6,7.98,2.79
2023-02-19,7,1385,2833,47724.78,3812.85,84.99,43826.94,13645.45,30181.49,322.91,1402.09,28678.32,-221.83,59,31.64,2.05,68.87,-0.51,7.99
2023-02-26,7,1627,3151,52877.47,1439.06,237.38,51201.03,14824.5,36376.53,369.6,2068.26,26305.05,7633.62,34,31.47,1.94,71.05,14.91,2.72
2023-03-05,7,1436,2854,47484.33,1067.78,85.21,46331.34,13190.75,33140.59,348.57,1557.25,25617.54,5617.23,49,32.26,1.99,71.53,12.12,2.25
2023-03-12,7,1732,3341,55919.13,1429.45,142.6,54347.08,15658.75,38688.33,392.1,2273.56,25642.45,10380.22,51,31.38,1.93,71.19,19.1,2.56
2023-03-19,7,1636,3283,56987.79,1566.7,124.78,55296.31,15988.2,39308.11,389.02,2372.05,27205.39,9341.65,67,33.8,2.01,71.09,16.89,2.75
2023-03-26,7,1803,3974,74256.22,2231.07,166.95,71858.2,20897.9,50960.3,500.31,3568.24,29202.6,17689.15,85,39.85,2.2,70.92,24.62,3.0
2023-04-02,7,1607,3377,62230.3,2181.47,224.52,59824.31,17348.35,42475.96,407.82,3137.05,29849.84,9081.25,64,37.23,2.1,71.0,15.18,3.51
2023-04-09,7,1497,3281,60263.22,1707.35,100.0,58455.87,16714.3,41741.57,408.79,3148.0,29905.84,8278.94,52,39.05,2.19,71.41,14.16,2.83
2023-04-16,7,1506,3272,61122.52,1540.23,262.6,59319.69,17312.45,42007.24,390.69,3281.51,29111.94,9223.1,60,39.39,2.17,70.82,15.55,2.52
2023-04-23,7,1344,2944,50650.5,1159.06,48.69,49442.75,14260.7,35182.05,364.47,2110.21,26698.37,6009.0,62,36.79,2.19,71.16,12.15,2.29
2023-04-30,7,1534,3104,51965.07,1294.49,128.69,50541.89,14362.45,36179.44,363.52,2230.38,26405.83,7179.71,56,32.95,2.02,71.58,14.21,2.49
2023-05-07,7,1582,3171,53162.58,1539.06,196.53,51426.99,14805.3,36621.69,357.74,2448.31,26531.51,7284.13,54,32.51,2.0,71.21,14.16,2.9
2023-05-14,7,1410,2666,44674.11,914.74,15.66,43743.71,12172.4,31571.31,321.54,2125.09,26313.74,2810.94,51,31.02,1.89,72.17,6.43,2.05
2023-05-21,7,1481,2960,49306.06,1174.66,170.44,47960.96,13533.4,34427.56,335.41,2216.61,26422.51,5453.03,56,32.38,2.0,71.78,11.37,2.38
2023-05-28,7,1380,2850,47906.41,1072.74,146.95,46686.72,13440.5,33246.22,323.33,2499.73,26775.96,3647.2,41,33.83,2.07,71.21,7.81,2.24
2023-06-04,7,1294,2672,45139.76,1320.19,26.09,43793.48,12885.25,30908.23,284.14,2309.17,27162.3,1152.62,44,33.84,2.06,70.58,2.63,2.92
2023-06-11,7,1333,2545,43998.08,911.25,156.52,42930.31,12544.9,30385.41,295.44,2329.73,27271.12,489.12,52,32.21,1.91,70.78,1.14,2.07
2023-06-18,7,1333,2456,41323.1,1219.9,160.0,39943.2,11626.3,28316.9,274.34,2206.79,27162.32,-1326.55,48,29.96,1.84,70.89,-3.32,2.95
2023-06-25,7,1119,2464,43369.47,996.44,105.21,42267.82,12489.05,29778.77,285.26,2306.27,27015.84,171.4,39,37.77,2.2,70.45,0.41,2.3
2023-07-02,7,1099,2259,38258.05,851.26,157.39,37249.4,10754.75,26494.65,239.65,2389.21,26676.1,-2810.31,52,33.89,2.06,71.13,-7.54,2.23
2023-07-09,7,1142,2283,38717.31,845.16,114.78,37757.37,10873.05,26884.32,245.96,2480.57,33487.54,-9329.75,30,33.06,2.0,71.2,-24.71,2.18
2023-07-16,7,1073,2056,34282.49,642.58,63.48,33576.43,9589.2,23987.23,226.43,1906.64,26577.61,-4723.45,45,31.29,1.92,71.44,-14.07,1.87
2023-07-23,7,1152,2356,39748.38,913.86,110.44,38724.08,11241.35,27482.73,263.5,2272.25,26437.68,-1490.7,28,33.61,2.05,70.97,-3.85,2.3
2023-07-30,7,1150,2342,39538.89,910.35,231.31,38397.23,11166.25,27230.98,250.62,2610.22,26740.02,-2369.88,45,33.39,2.04,70.92,-6.17,2.3
2023-08-06,7,1112,2263,38462.47,852.98,111.3,37498.19,10928.5,26569.69,245.98,2349.52,26744.45,-2770.26,50,33.72,2.04,70.86,-7.39,2.22
2023-08-13,7,1142,2290,38600.59,847.76,93.91,37658.92,10940.4,26718.52,252.87,2321.28,26800.94,-2656.57,47,32.98,2.01,70.95,-7.05,2.2
2023-08-20,7,1370,2571,43027.69,1291.69,153.04,41582.96,12100.0,29482.96,294.76,1885.26,26747.89,555.05,36,30.35,1.88,70.9,1.33,3.0
2023-08-27,7,1570,3156,53325.23,1370.58,180.0,51774.65,14968.95,36805.7,366.06,2584.81,26596.56,7258.27,55,32.98,2.01,71.09,14.02,2.57
2023-09-03,7,1432,2810,46744.41,1242.53,150.43,45351.45,12950.65,32400.8,333.26,2031.32,27064.1,2972.12,42,31.67,1.96,71.44,6.55,2.66
2023-09-10,7,1530,3076,51773.38,1689.88,123.47,49960.03,14620.0,35340.03,352.43,2612.66,33343.19,-968.25,100,32.65,2.01,70.74,-1.94,3.26
2023-09-17,7,1689,3382,56661.87,6120.12,110.44,50431.31,15998.9,34432.41,366.18,1947.53,36696.65,-4577.95,139,29.86,2.0,68.28,-9.08,10.8
2023-09-24,7,1650,3511,60006.34,3341.78,61.74,56602.82,17100.6,39502.22,403.57,2665.5,34419.82,2013.33,116,34.3,2.13,69.79,3.56,5.57
2023-10-01,7,1684,3264,55623.53,1503.38,198.26,53921.89,15714.4,38207.49,372.44,2582.32,26164.55,9088.18,57,32.02,1.94,70.86,16.85,2.7
2023-10-08,7,1780,3359,56528.69,1360.78,150.43,55017.48,15737.6,39279.88,423.98,2309.83,25976.69,10569.38,59,30.91,1.89,71.4,19.21,2.41
2023-10-15,7,1741,3363,56730.2,1619.12,233.91,54877.17,15692.35,39184.82,427.46,2071.6,26144.46,10541.3,68,31.52,1.93,71.4,19.21,2.85
2023-10-22,7,1748,3536,59752.78,1672.12,176.52,57904.14,16505.4,41398.74,426.17,2012.59,25764.84,13195.14,69,33.13,2.02,71.5,22.79,2.8
2023-10-29,7,1728,3440,57705.93,1482.87,138.26,56084.8,16031.95,40052.85,439.23,1888.04,25749.05,11976.53,80,32.46,1.99,71.41,21.35,2.57
2023-11-05,7,1793,3351,56087.69,1531.18,338.26,54218.25,15497.55,38720.7,425.89,1989.56,25962.84,10342.41,66,30.24,1.87,71.42,19.08,2.73
2023-11-12,7,1718,3286,54795.4,1406.02,146.07,53243.31,15121.7,38121.61,413.0,2100.9,26071.0,9536.71,58,30.99,1.91,71.6,17.91,2.57
2023-11-19,7,1690,3339,55805.25,9033.53,228.33,46543.39,15466.75,31076.64,352.37,1944.52,32202.67,-3422.92,138,27.54,1.98,66.77,-7.35,16.19
2023-11-26,7,1749,3347,56450.18,4925.95,106.95,51417.28,15799.25,35618.03,393.0,2194.5,29179.08,3851.45,75,29.4,1.91,69.27,7.49,8.73
2023-12-03,7,1684,3194,53854.09,1465.08,120.87,52268.14,15151.1,37117.04,424.31,1714.61,25725.44,9252.68,55,31.04,1.9,71.01,17.7,2.72
2023-12-10,7,1801,3401,56780.04,1582.8,198.25,54998.99,16020.6,38978.39,435.72,1815.07,25552.48,11175.12,78,30.54,1.89,70.87,20.32,2.79
2023-12-17,7,1572,2931,49128.12,1519.93,67.83,47540.36,13955.85,33584.51,373.51,1670.78,25610.61,5929.61,68,30.24,1.86,70.64,12.47,3.09
2023-12-24,7,1715,3286,54734.88,1778.16,292.17,52664.55,15397.5,37267.05,406.41,1814.96,25787.67,9258.01,51,30.71,1.92,70.76,17.58,3.25
2023-12-31,7,1770,3329,56039.25,1458.2,75.65,54505.4,16284.04,38221.36,431.79,1908.03,26699.02,9182.52,75,30.79,1.88,70.12,16.85,2.6
2024-01-07,7,1653,3263,54975.07,1482.01,119.99,53373.07,16287.96,37085.11,410.3,1883.86,26920.97,7869.98,67,32.29,1.97,69.48,14.75,2.7
2024-01-14,7,1754,3249,54198.19,1688.58,239.99,52269.62,15625.39,36644.23,397.76,1999.47,26871.95,7375.05,77,29.8,1.85,70.11,14.11,3.12
2024-01-21,7,1657,3208,53533.09,1703.35,48.69,51781.05,15549.46,36231.59,406.36,1956.56,26838.68,7029.99,58,31.25,1.94,69.97,13.58,3.18
2024-01-28,7,1794,3343,55901.03,1889.48,91.31,53920.24,16220.57,37699.67,423.54,1939.52,27323.8,8012.81,68,30.06,1.86,69.92,14.86,3.38
2024-02-04,7,2199,4200,70634.57,1858.17,166.08,68610.32,20469.56,48140.76,556.52,2317.3,27921.79,17345.15,149,31.2,1.91,70.17,25.28,2.63
2024-02-11,7,1934,3823,63909.69,2063.03,214.77,61631.89,18590.42,43041.47,447.29,2341.28,27919.91,12332.99,93,31.87,1.98,69.84,20.01,3.23
2024-02-18,7,1703,3197,53306.15,4727.62,141.38,48437.15,15364.48,33072.67,370.33,1802.23,29421.51,1478.6,78,28.44,1.88,68.28,3.05,8.87
2024-02-25,7,1667,3326,56058.48,1739.04,115.66,54203.78,16000.62,38203.16,438.99,1745.49,27777.43,8241.25,59,32.52,2.0,70.48,15.2,3.1
2024-03-03,7,1805,3449,58678.58,1939.81,72.17,56666.6,16462.69,40203.91,445.33,1975.21,26841.65,10941.72,55,31.39,1.91,70.95,19.31,3.31
2024-03-10,7,1743,3557,66519.4,2336.95,167.83,64014.62,18622.73,45391.89,494.33,2761.53,29882.97,12253.06,77,36.73,2.04,70.91,19.14,3.51
2024-03-17,7,1698,3590,68164.14,2278.77,259.22,65626.15,19293.27,46332.88,472.23,3296.66,30464.07,12099.92,63,38.65,2.11,70.6,18.44,3.34
2024-03-24,7,1942,4106,76864.96,2631.84,276.0,73957.12,21572.71,52384.41,530.31,3996.55,30389.76,17467.79,92,38.08,2.11,70.83,23.62,3.42
2024-03-31,7,1732,3802,73301.19,2125.3,197.37,70978.52,20911.56,50066.96,496.33,4092.99,31432.36,14045.28,75,40.98,2.2,70.54,19.79,2.9
2024-04-07,7,1644,3725,70714.85,2046.09,200.87,68467.89,20525.18,47942.71,508.18,3186.38,29451.33,14796.82,79,41.65,2.27,70.02,21.61,2.89
2024-04-14,7,1530,2946,50565.98,1416.46,144.35,49005.17,14188.72,34816.45,367.02,1937.36,27728.1,4783.97,45,32.03,1.93,71.05,9.76,2.8
2024-04-21,7,1716,3257,56008.02,1707.31,154.77,54145.94,15585.17,38560.77,411.63,2143.98,27774.5,8230.66,78,31.55,1.9,71.22,15.2,3.05
2024-04-28,7,1435,2737,47090.13,1466.87,166.96,45456.3,13137.73,32318.57,329.41,2248.5,27595.15,2145.51,52,31.68,1.91,71.1,4.72,3.12
2024-05-05,7,1484,2803,48265.59,1455.59,100.0,46710.0,13433.89,33276.11,345.74,2275.76,27617.48,3037.13,54,31.48,1.89,71.24,6.5,3.02
2024-05-12,7,1475,2799,46986.86,1731.19,128.69,45126.98,13092.5,32034.48,333.84,2212.2,27796.87,1691.57,55,30.59,1.9,70.99,3.75,3.68
2024-05-19,7,1543,2976,50659.94,1860.21,114.78,48684.95,14202.64,34482.31,339.77,2278.32,27928.07,3936.15,62,31.55,1.93,70.83,8.08,3.67
2024-05-26,7,1480,3059,51595.51,1664.7,185.21,49745.6,14605.43,35140.17,359.29,2284.34,27904.73,4591.81,63,33.61,2.07,70.64,9.23,3.23
2024-06-02,7,1517,3022,51489.85,1487.76,96.52,49905.57,14769.19,35136.38,368.93,2210.25,28207.32,4349.88,52,32.9,1.99,70.41,8.72,2.89
2024-06-09,7,1427,2660,46992.51,1239.06,84.35,45669.1,13665.76,32003.34,335.47,2025.83,28446.04,1196.0,51,32.0,1.86,70.08,2.62,2.64
2024-06-16,7,1130,2554,45829.17,1176.46,82.6,44570.11,13530.67,31039.44,300.5,2633.25,28420.41,-314.72,58,39.44,2.26,69.64,-0.71,2.57
2024-06-23,7,1262,2418,42282.7,1002.57,117.39,41162.74,12019.2,29143.54,278.25,2519.14,28371.18,-2025.03,44,32.62,1.92,70.8,-4.92,2.37
2024-06-30,7,1439,2888,50136.61,2127.16,157.38,47852.07,14696.97,33155.1,312.84,3021.02,29163.71,657.53,86,33.25,2.01,69.29,1.37,4.24
2024-07-07,7,1308,2616,45036.74,2224.74,160.21,42651.79,13254.65,29397.14,297.9,2528.75,29279.08,-2708.59,51,32.61,2.0,68.92,-6.35,4.94
2024-07-14,7,1248,2376,41015.71,1916.98,77.39,39021.34,11961.95,27059.39,283.75,2266.85,29306.47,-4797.68,51,31.27,1.9,69.35,-12.3,4.67
2024-07-21,7,1317,2660,46122.68,2433.51,90.43,43598.74,13346.29,30252.45,301.95,2626.1,29167.61,-1843.21,54,33.1,2.02,69.39,-4.23,5.28
2024-07-28,7,1288,2560,44257.69,2073.52,159.12,42025.05,12930.78,29094.27,296.3,2595.85,29310.01,-3107.89,62,32.63,1.99,69.23,-7.4,4.69
2024-08-04,7,1176,2291,39823.71,1927.57,96.52,37799.62,11699.08,26100.54,254.96,2334.48,29203.22,-5692.12,46,32.14,1.95,69.05,-15.06,4.84
2024-08-11,7,1258,2457,42703.73,2162.26,125.21,40416.26,12520.78,27895.48,277.99,2506.53,29325.9,-4214.94,56,32.13,1.95,69.02,-10.43,5.06
2024-08-18,7,1566,3002,51794.86,3183.65,173.92,48437.29,15123.4,33313.89,351.56,2529.39,31337.49,-904.55,120,30.93,1.92,68.78,-1.87,6.15
2024-08-25,7,1657,3245,56108.86,3810.86,129.56,52168.44,16474.21,35694.23,374.05,2717.49,31213.92,1388.77,109,31.48,1.96,68.42,2.66,6.79
2024-09-01,7,1634,3139,52955.16,1620.78,142.59,51191.79,14818.48,36373.31,380.03,2461.81,28319.42,5212.05,60,31.33,1.92,71.05,10.18,3.06
2024-09-08,7,1650,3237,55060.85,1823.83,85.22,53151.8,15921.81,37229.99,388.92,2521.45,28416.64,5902.98,79,32.21,1.96,70.04,11.11,3.31
2024-09-15,7,1731,3267,56329.55,2969.28,90.96,53269.31,16194.12,37075.19,408.25,2188.47,29459.6,5018.87,77,30.77,1.89,69.6,9.42,5.27
2024-09-22,7,1760,3768,65478.98,6222.56,193.23,59063.19,19060.99,40002.2,433.09,2482.59,31614.58,5471.94,81,33.56,2.14,67.73,9.26,9.5
2024-09-29,7,1672,3238,56212.07,1627.71,163.48,54420.88,16247.14,38173.74,406.16,2511.89,27692.53,7563.16,61,32.55,1.94,70.15,13.9,2.9
2024-10-06,7,1574,3024,52730.26,1947.19,210.43,50572.64,15108.6,35464.04,363.7,2524.54,27494.1,5081.7,66,32.13,1.92,70.12,10.05,3.69
2024-10-13,7,1796,3230,55961.41,1918.17,120.0,53923.24,16009.92,37913.32,409.41,2241.3,28589.66,6672.95,78,30.02,1.8,70.31,12.37,3.43
2024-10-20,7,1711,3235,56039.85,1698.18,213.91,54127.76,16179.31,37948.45,423.04,2138.17,27001.9,8385.34,54,31.64,1.89,70.11,15.49,3.03
2024-10-27,7,1847,3640,62630.94,1770.35,150.43,60710.16,17998.95,42711.21,497.65,2137.15,27098.79,12977.62,73,32.87,1.97,70.35,21.38,2.83
2024-11-03,7,1932,3738,64739.53,2345.47,75.66,62318.4,18604.35,43714.05,483.56,2332.13,27486.87,13411.49,68,32.26,1.93,70.15,21.52,3.62
2024-11-10,7,1842,3516,60811.68,1785.09,106.95,58919.64,17665.67,41253.97,472.15,2226.37,27343.02,11212.43,74,31.99,1.91,70.02,19.03,2.94
2024-11-17,7,1680,3460,59007.37,2400.76,157.4,56449.21,17003.35,39445.86,423.68,2144.64,27432.2,9445.34,74,33.6,2.06,69.88,16.73,4.07
2024-11-24,7,2244,4642,80784.02,13726.74,202.08,66855.2,23452.81,43402.39,512.86,2475.65,33543.23,6870.65,188,29.79,2.07,64.92,10.28,16.99
2024-12-01,7,2142,4062,70377.69,6373.42,239.64,63764.63,20356.49,43408.14,521.44,2318.02,29996.59,10572.09,135,29.77,1.9,68.08,16.58,9.06
2024-12-08,7,2057,3899,67051.7,2414.1,281.73,64355.87,19561.58,44794.29,521.49,2129.78,26929.41,15213.61,81,31.29,1.9,69.6,23.64,3.6
2024-12-15,7,2041,3813,66081.62,1982.23,224.34,63875.05,19241.7,44633.35,482.94,2513.08,26923.1,14714.23,90,31.3,1.87,69.88,23.04,3.0
2024-12-22,7,1977,3842,66072.8,2272.08,108.7,63692.02,19175.06,44516.96,500.64,2355.57,26870.75,14790.0,63,32.22,1.94,69.89,23.22,3.44
2024-12-29,7,1872,3500,60364.33,2178.12,206.08,57980.13,17536.6,40443.53,461.65,2019.76,27869.5,10092.62,85,30.97,1.87,69.75,17.41,3.61
2025-01-05,7,1925,3788,65291.97,2822.11,211.03,62258.83,19086.03,43172.8,488.29,2038.53,28871.2,11774.78,80,32.34,1.97,69.34,18.91,4.32
2025-01-12,7,1718,3251,55413.11,2422.55,118.51,52872.05,15941.55,36930.5,432.13,1614.54,28782.62,6101.21,86,30.78,1.89,69.85,11.54,4.37
2025-01-19,7,1816,3457,59760.05,3223.64,90.91,56445.5,17666.26,38779.24,432.59,1906.21,28765.22,7675.22,60,31.08,1.9,68.7,13.6,5.39
2025-01-26,7,1788,3475,59532.13,2959.3,192.16,56380.67,17427.84,38952.83,442.85,1831.88,28950.01,7728.09,82,31.53,1.94,69.09,13.71,4.97
2025-02-02,7,1894,3616,62427.99,2900.54,64.82,59462.63,18413.5,41049.13,479.96,1836.2,30643.55,8089.42,77,31.4,1.91,69.03,13.6,4.65
2025-02-09,7,1952,3807,65452.37,3122.64,75.12,62254.61,19211.95,43042.66,472.06,2289.91,30509.91,9770.78,79,31.89,1.95,69.14,15.69,4.77
2025-02-16,7,1952,3932,67834.95,6237.47,90.17,61507.31,19847.36,41659.95,477.01,1804.9,31509.23,7868.81,97,31.51,2.01,67.73,12.79,9.2
2025-02-23,7,1971,4099,72513.03,4681.68,50.65,67780.7,21219.02,46561.68,536.72,2238.2,31358.07,12428.69,87,34.39,2.08,68.69,18.34,6.46
2025-03-02,7,1847,3972,76756.55,2547.12,168.96,74040.47,22502.18,51538.29,542.12,3656.64,32278.25,15061.28,77,40.09,2.15,69.61,20.34,3.32
2025-03-09,7,1799,3815,72017.38,2709.54,263.91,69043.93,20993.0,48050.93,511.43,3234.08,32309.29,11996.13,87,38.38,2.12,69.59,17.37,3.76
2025-03-16,7,1807,3941,74475.71,2529.13,136.53,71810.05,21578.04,50232.01,511.06,3526.48,32267.09,13927.38,90,39.74,2.18,69.95,19.39,3.4
2025-03-23,7,1765,3918,76734.09,2868.55,211.29,73654.25,22981.09,50673.16,534.05,3766.46,32405.8,13966.85,87,41.73,2.22,68.8,18.96,3.74
2025-03-30,7,1671,3875,72554.78,2012.11,225.22,70317.45,21841.92,48475.53,558.75,2778.66,29415.78,15722.34,78,42.08,2.32,68.94,22.36,2.77
2025-04-06,7,1864,3595,62639.87,2041.61,299.13,60299.13,18210.43,42088.7,477.24,2092.3,29437.52,10081.64,79,32.35,1.93,69.8,16.72,3.26
2025-04-13,7,1707,3220,56138.37,2113.73,134.78,53889.86,16196.37,37693.49,426.97,1700.51,29426.75,6139.26,63,31.57,1.89,69.95,11.39,3.77
2025-04-20,7,1824,3490,61252.11,2447.02,180.88,58624.21,17913.2,40711.01,445.39,2259.59,29562.9,8443.13,72,32.14,1.91,69.44,14.4,3.99
2025-04-27,7,1877,3581,62818.89,2057.28,193.9,60567.71,18781.17,41786.54,473.05,2367.99,29387.08,9558.42,77,32.27,1.91,68.99,15.78,3.27
2025-05-04,7,1770,3499,60538.29,2003.87,244.36,58290.06,18407.68,39882.38,424.03,2677.78,29461.67,7318.9,82,32.93,1.98,68.42,12.56,3.31
2025-05-11,7,1749,3282,57160.9,1775.64,174.77,55210.49,17176.96,38033.53,395.6,2705.43,29265.88,5666.62,77,31.57,1.88,68.89,10.26,3.11
2025-05-18,7,1757,3371,58426.67,2021.08,87.82,56317.77,17611.72,38706.05,427.86,2056.12,31675.41,4546.66,81,32.05,1.92,68.73,8.07,3.46
2025-05-25,7,1792,3587,62237.22,2174.67,158.26,59904.29,18754.88,41149.41,439.93,2594.52,29071.65,9043.31,66,33.43,2.0,68.69,15.1,3.49
2025-06-01,7,1469,2973,54051.68,1798.11,133.03,52120.54,17174.62,34945.92,396.3,2299.07,29769.98,2480.57,59,35.48,2.02,67.05,4.76,3.33
2025-06-08,7,1461,3226,56962.29,1468.58,260.88,55232.83,17903.47,37329.36,410.7,2305.02,30057.03,4556.61,67,37.8,2.21,67.59,8.25,2.58
2025-06-15,7,1485,2837,48970.69,1969.99,159.99,46840.71,14967.7,31873.01,341.86,2048.15,30025.08,-542.08,60,31.54,1.91,68.05,-1.16,4.02
2025-06-22,7,1642,3230,56318.53,3030.13,174.12,53114.28,17353.38,35760.9,364.68,3027.77,31510.68,857.77,78,32.35,1.97,67.33,1.61,5.38
2025-06-29,7,1441,2893,50696.92,2586.12,170.88,47939.92,15594.2,32345.72,331.58,2676.48,31101.17,-1763.51,73,33.27,2.01,67.47,-3.68,5.1
2025-07-06,7,1324,2697,46831.71,2311.73,200.0,44319.98,14444.44,29875.54,320.02,2255.38,30959.73,-3659.59,66,33.47,2.04,67.41,-8.26,4.94
2025-07-13,7,1327,2589,44809.3,2223.83,26.09,42559.38,13905.56,28653.82,289.17,2477.39,31147.9,-5260.64,75,32.07,1.95,67.33,-12.36,4.96
2025-07-20,7,1354,2712,47031.52,2323.47,71.3,44636.75,14379.59,30257.16,308.01,2504.41,31103.76,-3659.02,64,32.97,2.0,67.79,-8.2,4.94
2025-07-27,7,1399,2793,49158.71,2681.33,273.03,46204.35,15367.68,30836.67,306.7,2798.42,30922.8,-3191.25,72,33.03,2.0,66.74,-6.91,5.45
2025-08-03,7,1249,2541,44308.36,2272.41,151.31,41884.64,13712.25,28172.39,287.12,2533.72,30878.17,-5526.62,49,33.53,2.03,67.26,-13.19,5.13
2025-08-10,7,1144,2286,39907.5,2250.47,166.3,37490.73,12212.44,25278.29,240.67,2395.15,31008.69,-8366.22,61,32.77,2.0,67.43,-22.32,5.64
2025-08-17,7,1237,2508,43027.3,2421.59,217.17,40388.54,13228.31,27160.23,267.99,2539.45,30893.24,-6540.45,60,32.65,2.03,67.25,-16.19,5.63
2025-08-24,7,1625,3137,54482.93,3929.88,71.3,50481.75,16760.06,33721.69,379.11,2180.97,32749.96,-1588.35,129,31.07,1.93,66.8,-3.15,7.21
2025-08-31,7,1641,3246,55992.54,2941.6,252.91,52798.03,17001.12,35796.91,391.6,2328.75,32306.76,769.8,101,32.17,1.98,67.8,1.46,5.25
2025-09-07,7,1771,3511,60795.05,2010.81,95.65,58688.59,18313.54,40375.05,430.09,2605.42,29892.11,7447.43,63,33.14,1.98,68.8,12.69,3.31
2025-09-14,7,1799,3686,63625.38,2263.98,64.35,61297.05,19186.09,42110.96,462.6,2168.52,30082.48,9397.36,62,34.07,2.05,68.7,15.33,3.56
2025-09-21,7,1943,3946,70137.64,7459.47,164.18,62513.99,21104.4,41409.59,473.26,2609.83,34309.96,4016.54,134,32.17,2.03,66.24,6.43,10.64
2025-09-28,7,1964,3825,67828.77,2294.08,138.25,65396.44,20435.29,44961.15,495.28,2668.76,29318.15,12478.96,85,33.3,1.95,68.75,19.08,3.38
2025-10-05,7,1919,3754,65727.92,2463.44,141.75,63122.73,20084.16,43038.57,473.44,2503.89,29217.82,10843.42,74,32.89,1.96,68.18,17.18,3.75
2025-10-12,7,2104,3948,69329.06,2665.95,147.82,66515.29,20997.45,45517.84,533.72,2316.79,28830.3,13837.03,87,31.61,1.88,68.43,20.8,3.85
2025-10-19,7,1797,3543,62088.41,2220.55,269.58,59598.28,18819.17,40779.11,438.27,2242.07,28967.0,9131.77,76,33.17,1.97,68.42,15.32,3.58
2025-10-26,7,1968,3964,68721.81,2612.31,110.43,65999.07,20746.45,45252.62,500.29,2521.1,28946.19,13285.04,76,33.54,2.01,68.57,20.13,3.8
2025-11-02,7,2089,4013,70323.44,2400.7,76.53,67846.21,21248.47,46597.74,564.43,2165.14,29179.62,14688.55,95,32.48,1.92,68.68,21.65,3.41
2025-11-09,7,1935,3681,63290.83,1970.35,164.36,61156.12,19253.41,41902.71,508.6,2010.18,29154.61,10229.32,98,31.61,1.9,68.52,16.73,3.11
2025-11-16,7,1997,3760,64987.78,2384.38,221.72,62381.68,19523.72,42857.96,492.33,2103.08,29122.63,11139.92,94,31.24,1.88,68.7,17.86,3.67
2025-11-23,7,2153,4429,77377.5,13158.87,222.77,63995.86,23362.58,40633.28,512.06,2400.07,35465.19,2255.96,197,29.72,2.06,63.49,3.53,17.01
2025-11-30,7,1980,3796,66561.79,5828.91,181.58,60551.3,20278.92,40272.38,482.29,2085.07,31780.33,5924.69,112,30.58,1.92,66.51,9.78,8.76
2025-12-07,7,1947,3680,64126.56,2382.8,95.66,61648.1,19652.21,41995.89,499.41,1994.75,28637.84,10863.89,86,31.66,1.89,68.12,17.62,3.72
2025-12-14,7,1857,3460,59791.83,2130.36,260.86,57400.61,18170.23,39230.38,462.01,2064.59,28540.68,8163.1,77,30.91,1.86,68.34,14.22,3.56
2025-12-21,7,1883,3649,63730.76,2566.31,14.78,61149.67,19496.82,41652.85,489.12,1966.5,28486.77,10710.46,68,32.47,1.94,68.12,17.52,4.03
2025-12-28,4,1057,1859,31981.45,1318.23,53.04,30610.18,9798.91,20811.27,247.28,1017.51,16381.82,3164.66,41,28.96,1.76,67.99,10.34,4.12
