Date,Staff_Cost,Rent,Utilities,Marketing,Other_Opex,One_Off_Note,Total_Opex
2023-01-01,2000.0,1150.68,230.98,110,176.93,,3668.59
2023-01-02,2000.0,1150.68,205.34,110,168.46,,3634.48
2023-01-03,2000.0,1150.68,207.25,110,165.53,,3633.46
2023-01-04,2000.0,1150.68,222.61,110,197.77,,3681.06
2023-01-05,2000.0,1150.68,192.67,110,184.09,,3637.44
2023-01-06,2000.0,1150.68,204.21,110,177.61,,3642.5
2023-01-07,2000.0,1150.68,207.66,110,229.41,,3697.75
2023-01-08,2000.0,1150.68,180.12,110,201.61,,3642.41
2023-01-09,2000.0,1150.68,210.36,110,223.2,,3694.24
2023-01-10,2000.0,1150.68,221.43,110,213.97,,3696.08
2023-01-11,2000.0,1150.68,217.61,110,179.51,,3657.8
2023-01-12,2000.0,1150.68,247.44,110,162.78,,3670.9
2023-01-13,2000.0,1150.68,212.89,110,196.6,,3670.17
2023-01-14,2000.0,1150.68,208.85,110,173.57,,3643.1
2023-01-15,2000.0,1150.68,204.0,110,186.35,,3651.03
2023-01-16,2000.0,1150.68,208.8,110,179.73,,3649.21
2023-01-17,2000.0,1150.68,209.58,110,186.57,,3656.83
2023-01-18,2000.0,1150.68,198.79,110,172.93,,3632.4
2023-01-19,2000.0,1150.68,203.55,110,203.98,,3668.21
2023-01-20,2000.0,1150.68,199.28,110,193.85,,3653.81
2023-01-21,2000.0,1150.68,167.89,110,166.18,,3594.75
2023-01-22,2000.0,1150.68,185.85,110,175.83,,3622.36
2023-01-23,2000.0,1150.68,217.21,110,184.03,,3661.92
2023-01-24,2000.0,1150.68,211.69,110,211.95,,3684.32
2023-01-25,2000.0,1150.68,199.35,110,172.13,,3632.16
2023-01-26,2000.0,1150.68,209.06,110,206.84,,3676.58
2023-01-27,2000.0,1150.68,201.39,110,159.93,,3622.0
2023-01-28,2000.0,1150.68,223.19,110,189.38,,3673.25
2023-01-29,2000.0,1150.68,211.45,110,230.09,,3702.22
2023-01-30,2000.0,1150.68,235.53,110,167.16,,3663.37
2023-01-31,2000.0,1150.68,211.55,110,163.31,,3635.54
2023-02-01,2214.29,1150.68,192.44,110,201.82,,3869.23
2023-02-02,2214.29,1150.68,195.48,110,156.94,,3827.39
2023-02-03,2214.29,1150.68,185.0,110,210.2,,3870.17
2023-02-04,2214.29,1150.68,211.26,110,190.02,,3876.25
2023-02-05,2214.29,1150.68,232.09,110,189.91,,3896.97
2023-02-06,2214.29,1150.68,232.12,110,204.11,,3911.2
2023-02-07,2214.29,1150.68,189.99,110,212.36,,3877.32
2023-02-08,2214.29,1150.68,229.19,110,209.02,,3913.18
2023-02-09,2214.29,1150.68,207.01,110,181.67,,3863.65
2023-02-10,2214.29,1150.68,207.74,110,222.9,,3905.61
2023-02-11,2214.29,1150.68,198.61,110,217.1,,3890.68
2023-02-12,2214.29,1150.68,224.95,110,175.02,,3874.94
2023-02-13,2214.29,1150.68,205.09,110,187.75,,3867.81
2023-02-14,2214.29,1150.68,202.52,110,220.45,,3897.94
2023-02-15,2214.29,1150.68,239.7,110,155.21,,3869.88
2023-02-16,2214.29,1150.68,231.05,110,198.63,,3904.65
2023-02-17,2214.29,1150.68,222.76,110,170.62,,3868.35
2023-02-18,2214.29,1150.68,190.3,110,190.69,,3855.96
2023-02-19,2214.29,1150.68,200.98,110,212.03,,3887.98
2023-02-20,2214.29,1150.68,194.93,110,205.76,,3875.66
2023-02-21,2214.29,1150.68,210.77,610,165.93,,4351.67
2023-02-22,2214.29,1150.68,213.94,610,174.92,,4363.83
2023-02-23,2214.29,1150.68,213.91,610,192.23,,4381.11
2023-02-24,2214.29,1150.68,234.82,110,188.3,,3898.09
2023-02-25,2214.29,1150.68,223.78,110,221.23,,3919.98
2023-02-26,2214.29,1150.68,215.16,110,183.41,,3873.54
2023-02-27,2214.29,1150.68,220.88,110,224.03,,3919.88
2023-02-28,2214.29,1150.68,218.56,110,189.54,,3883.07
2023-03-01,2000.0,1150.68,219.34,110,164.65,,3644.67
2023-03-02,2000.0,1150.68,219.24,110,185.8,,3665.72
2023-03-03,2000.0,1150.68,185.66,110,222.37,,3668.71
2023-03-04,2000.0,1150.68,217.65,110,171.13,,3649.46
2023-03-05,2000.0,1150.68,218.74,110,201.96,,3681.38
2023-03-06,2000.0,1150.68,212.69,110,193.72,,3667.09
2023-03-07,2000.0,1150.68,208.96,110,176.55,,3646.19
2023-03-08,2000.0,1150.68,222.22,110,189.9,,3672.8
2023-03-09,2000.0,1150.68,212.85,110,185.22,,3658.75
2023-03-10,2000.0,1150.68,210.32,110,192.67,,3663.67
2023-03-11,2000.0,1150.68,178.82,110,188.16,,3627.66
2023-03-12,2000.0,1150.68,228.67,110,210.73,,3700.08
2023-03-13,2000.0,1150.68,201.96,110,169.09,,3631.73
2023-03-14,2000.0,1150.68,204.21,110,203.24,,3668.13
2023-03-15,2000.0,1150.68,199.24,110,163.81,,3623.73
2023-03-16,2000.0,1150.68,227.39,110,193.92,,3681.99
2023-03-17,2000.0,1150.68,191.1,110,212.17,,3663.95
2023-03-18,2000.0,1150.68,196.17,110,215.99,,3672.84
2023-03-19,2000.0,1150.68,220.71,110,169.29,,3650.68
2023-03-20,2000.0,1150.68,235.24,110,203.1,,3699.02
2023-03-21,2000.0,1150.68,237.32,110,179.38,,3677.38
2023-03-22,2000.0,1150.68,229.09,110,211.29,,3701.06
2023-03-23,2240.0,1150.68,217.59,360,176.4,,4144.67
2023-03-24,2240.0,1150.68,248.11,360,174.82,,4173.61
2023-03-25,2240.0,1150.68,210.79,360,197.5,,4158.97
2023-03-26,2240.0,1150.68,195.86,360,183.0,,4129.54
2023-03-27,2240.0,1150.68,213.84,360,187.57,,4152.09
2023-03-28,2240.0,1150.68,207.6,360,207.41,,4165.69
2023-03-29,2240.0,1150.68,206.93,360,205.07,,4162.68
2023-03-30,2240.0,1150.68,240.86,360,201.51,,4193.05
2023-03-31,2240.0,1150.68,229.93,360,186.7,,4167.31
2023-04-01,2314.67,1150.68,234.62,360,172.27,,4232.24
2023-04-02,2314.67,1150.68,258.44,360,199.81,,4283.6
2023-04-03,2314.67,1150.68,231.68,360,209.98,,4267.01
2023-04-04,2314.67,1150.68,270.62,360,180.91,,4276.88
2023-04-05,2314.67,1150.68,253.14,360,153.39,,4231.88
2023-04-06,2314.67,1150.68,233.03,360,174.72,,4233.1
2023-04-07,2314.67,1150.68,242.18,360,210.01,,4277.54
2023-04-08,2314.67,1150.68,238.5,360,215.98,,4279.83
2023-04-09,2314.67,1150.68,291.18,360,199.68,,4316.21
2023-04-10,2314.67,1150.68,242.84,360,169.65,,4237.84
2023-04-11,2314.67,1150.68,261.64,360,220.51,,4307.5
2023-04-12,2314.67,1150.68,266.8,360,168.65,,4260.8
2023-04-13,2314.67,1150.68,258.9,360,173.11,,4257.36
2023-04-14,2314.67,1150.68,250.93,360,176.07,,4252.35
2023-04-15,2314.67,1150.68,267.86,360,180.57,,4273.78
2023-04-16,2314.67,1150.68,305.31,360,228.65,,4359.31
2023-04-17,2314.67,1150.68,310.87,360,175.1,,4311.32
2023-04-18,2314.67,1150.68,289.93,360,177.14,,4292.42
2023-04-19,2314.67,1150.68,297.56,360,180.29,,4303.2
2023-04-20,2314.67,1150.68,249.95,360,197.52,,4272.82
2023-04-21,2066.67,1150.68,277.55,110,165.42,,3770.32
2023-04-22,2066.67,1150.68,310.88,110,164.32,,3802.55
2023-04-23,2066.67,1150.68,254.52,110,166.75,,3748.62
2023-04-24,2066.67,1150.68,312.74,110,244.86,,3884.95
2023-04-25,2066.67,1150.68,307.0,110,189.07,,3823.42
2023-04-26,2066.67,1150.68,295.39,110,183.99,,3806.73
2023-04-27,2066.67,1150.68,315.33,110,183.69,,3826.37
2023-04-28,2066.67,1150.68,306.06,110,211.67,,3845.08
2023-04-29,2066.67,1150.68,254.43,110,181.42,,3763.2
2023-04-30,2066.67,1150.68,256.84,110,203.0,,3787.19
2023-05-01,2000.0,1150.68,304.88,110,198.84,,3764.4
2023-05-02,2000.0,1150.68,322.13,110,201.33,,3784.14
2023-05-03,2000.0,1150.68,306.2,110,225.97,,3792.85
2023-05-04,2000.0,1150.68,284.67,110,206.8,,3752.15
2023-05-05,2000.0,1150.68,328.69,110,187.78,,3777.15
2023-05-06,2000.0,1150.68,325.7,110,161.57,,3747.95
2023-05-07,2000.0,1150.68,340.92,110,183.44,,3785.04
2023-05-08,2000.0,1150.68,359.29,110,183.22,,3803.19
2023-05-09,2000.0,1150.68,330.22,110,208.56,,3799.46
2023-05-10,2000.0,1150.68,348.88,110,173.91,,3783.47
2023-05-11,2000.0,1150.68,332.5,110,200.91,,3794.09
2023-05-12,2000.0,1150.68,347.04,110,146.75,,3754.47
2023-05-13,2000.0,1150.68,332.5,110,218.61,,3811.79
2023-05-14,2000.0,1150.68,317.87,110,177.65,,3756.2
2023-05-15,2000.0,1150.68,297.81,110,185.18,,3743.67
2023-05-16,2000.0,1150.68,292.04,110,168.37,,3721.09
2023-05-17,2000.0,1150.68,310.15,110,177.47,,3748.3
2023-05-18,2000.0,1150.68,341.16,110,190.07,,3791.91
2023-05-19,2000.0,1150.68,310.25,110,174.21,,3745.14
2023-05-20,2000.0,1150.68,327.66,110,219.09,,3807.43
2023-05-21,2000.0,1150.68,316.18,110,176.3,,3753.16
2023-05-22,2000.0,1150.68,346.69,110,194.58,,3801.95
2023-05-23,2000.0,1150.68,309.23,110,193.48,,3763.39
2023-05-24,2000.0,1150.68,342.74,110,128.29,,3731.71
2023-05-25,2000.0,1150.68,357.06,110,183.07,,3800.81
2023-05-26,2000.0,1150.68,360.2,110,188.12,,3809.0
2023-05-27,2000.0,1150.68,354.95,110,146.86,,3762.49
2023-05-28,2000.0,1150.68,346.28,110,185.62,,3792.58
2023-05-29,2000.0,1150.68,352.48,110,165.28,,3778.44
2023-05-30,2000.0,1150.68,368.78,110,181.53,,3810.99
2023-05-31,2000.0,1150.68,354.66,110,194.19,,3809.53
2023-06-01,2066.67,1150.68,358.38,110,174.75,,3860.48
2023-06-02,2066.67,1150.68,338.74,110,184.59,,3850.68
2023-06-03,2066.67,1150.68,363.54,110,182.37,,3873.26
2023-06-04,2066.67,1150.68,371.42,110,179.93,,3878.7
2023-06-05,2066.67,1150.68,361.56,110,218.85,,3907.76
2023-06-06,2066.67,1150.68,350.83,110,188.51,,3866.69
2023-06-07,2066.67,1150.68,349.05,110,175.99,,3852.39
2023-06-08,2066.67,1150.68,379.12,110,148.56,,3855.03
2023-06-09,2066.67,1150.68,380.54,110,175.36,,3883.25
2023-06-10,2066.67,1150.68,390.93,110,200.2,,3918.48
2023-06-11,2066.67,1150.68,382.84,110,188.07,,3898.26
2023-06-12,2066.67,1150.68,348.21,110,164.61,,3840.17
2023-06-13,2066.67,1150.68,369.54,110,184.73,,3881.62
2023-06-14,2066.67,1150.68,351.95,110,206.87,,3886.17
2023-06-15,2066.67,1150.68,389.6,110,229.27,,3946.22
2023-06-16,2066.67,1150.68,357.14,110,214.44,,3898.93
2023-06-17,2066.67,1150.68,384.18,110,208.22,,3919.75
2023-06-18,2066.67,1150.68,379.64,110,213.63,,3920.62
2023-06-19,2066.67,1150.68,315.01,110,198.91,,3841.27
2023-06-20,2066.67,1150.68,345.85,110,194.67,,3867.87
2023-06-21,2066.67,1150.68,362.21,110,223.21,,3912.77
2023-06-22,2066.67,1150.68,355.77,110,210.89,,3894.01
2023-06-23,2066.67,1150.68,347.12,110,189.86,,3864.33
2023-06-24,2066.67,1150.68,330.23,110,203.87,,3861.45
2023-06-25,2066.67,1150.68,329.64,110,190.33,,3847.32
2023-06-26,2066.67,1150.68,336.86,110,188.54,,3852.75
2023-06-27,2066.67,1150.68,336.23,110,159.07,,3822.65
2023-06-28,2066.67,1150.68,350.85,110,194.3,,3872.5
2023-06-29,2066.67,1150.68,338.27,110,183.37,,3848.99
2023-06-30,2066.67,1150.68,372.79,110,224.34,,3924.48
2023-07-01,2000.0,1150.68,394.04,110,192.43,,3847.15
2023-07-02,2000.0,1150.68,389.71,110,198.64,,3849.03
2023-07-03,2000.0,1150.68,355.46,110,179.46,,3795.6
2023-07-04,2000.0,1150.68,374.21,110,158.51,,3793.4
2023-07-05,2000.0,1150.68,352.71,110,164.22,,3777.61
2023-07-06,2000.0,1150.68,390.78,110,174.58,,3826.04
2023-07-07,2000.0,1150.68,364.53,110,194.38,,3819.59
2023-07-08,2000.0,1150.68,377.08,110,177.07,,3814.83
2023-07-09,2000.0,1150.68,350.46,110,173.21,,3784.35
2023-07-10,2000.0,1150.68,335.11,110,192.31,,3788.1
2023-07-11,2000.0,1150.68,359.7,110,7005.64,Espresso machine repair,10626.02
2023-07-12,2000.0,1150.68,393.22,110,168.1,,3822.0
2023-07-13,2000.0,1150.68,397.02,110,221.61,,3879.31
2023-07-14,2000.0,1150.68,366.52,110,159.2,,3786.4
2023-07-15,2000.0,1150.68,357.28,110,183.4,,3801.36
2023-07-16,2000.0,1150.68,338.72,110,216.15,,3815.55
2023-07-17,2000.0,1150.68,341.12,110,171.78,,3773.58
2023-07-18,2000.0,1150.68,363.06,110,155.92,,3779.66
2023-07-19,2000.0,1150.68,349.54,110,193.16,,3803.38
2023-07-20,2000.0,1150.68,363.66,110,201.74,,3826.08
2023-07-21,2000.0,1150.68,357.05,110,188.34,,3806.07
2023-07-22,2000.0,1150.68,349.29,110,163.32,,3773.29
2023-07-23,2000.0,1150.68,324.78,110,162.59,,3748.05
2023-07-24,2000.0,1150.68,354.28,110,201.67,,3816.63
2023-07-25,2000.0,1150.68,314.19,110,142.7,,3717.57
2023-07-26,2000.0,1150.68,360.7,110,181.36,,3802.74
2023-07-27,2000.0,1150.68,313.73,110,183.89,,3758.3
2023-07-28,2000.0,1150.68,341.05,110,195.24,,3796.97
2023-07-29,2000.0,1150.68,359.58,110,177.16,,3797.42
2023-07-30,2000.0,1150.68,339.83,110,201.4,,3801.91
2023-07-31,2000.0,1150.68,353.3,110,198.27,,3812.25
2023-08-01,2000.0,1150.68,402.79,110,164.61,,3828.08
2023-08-02,2000.0,1150.68,381.6,110,183.37,,3825.65
2023-08-03,2000.0,1150.68,365.2,110,194.56,,3820.44
2023-08-04,2000.0,1150.68,393.19,110,187.78,,3841.65
2023-08-05,2000.0,1150.68,378.5,110,170.86,,3810.04
2023-08-06,2000.0,1150.68,398.09,110,203.79,,3862.56
2023-08-07,2000.0,1150.68,386.81,110,220.92,,3868.41
2023-08-08,2000.0,1150.68,367.4,110,181.27,,3809.35
2023-08-09,2000.0,1150.68,355.79,110,188.17,,3804.64
2023-08-10,2000.0,1150.68,340.91,110,182.0,,3783.59
2023-08-11,2000.0,1150.68,352.78,110,205.23,,3818.69
2023-08-12,2000.0,1150.68,360.43,110,176.1,,3797.21
2023-08-13,2000.0,1150.68,418.48,110,205.98,,3885.14
2023-08-14,2000.0,1150.68,370.5,110,200.3,,3831.48
2023-08-15,2000.0,1150.68,386.98,110,183.19,,3830.85
2023-08-16,2000.0,1150.68,389.71,110,202.3,,3852.69
2023-08-17,2000.0,1150.68,352.33,110,188.62,,3801.63
2023-08-18,2000.0,1150.68,362.37,110,154.66,,3777.71
2023-08-19,2000.0,1150.68,340.25,110,220.51,,3821.44
2023-08-20,2000.0,1150.68,354.28,110,196.16,,3811.12
2023-08-21,2000.0,1150.68,351.53,110,173.79,,3786.0
2023-08-22,2000.0,1150.68,346.64,110,176.97,,3784.29
2023-08-23,2000.0,1150.68,408.32,110,219.89,,3888.89
2023-08-24,2000.0,1150.68,369.78,110,189.44,,3819.9
2023-08-25,2000.0,1150.68,360.66,110,208.89,,3830.23
2023-08-26,2000.0,1150.68,365.82,110,200.96,,3827.46
2023-08-27,2000.0,1150.68,335.0,110,206.79,,3802.47
2023-08-28,2000.0,1150.68,341.01,110,175.11,,3776.8
2023-08-29,2000.0,1150.68,337.94,110,174.48,,3773.1
2023-08-30,2000.0,1150.68,340.96,110,233.84,,3835.48
2023-08-31,2000.0,1150.68,317.68,110,179.95,,3758.31
2023-09-01,2066.67,1150.68,333.62,110,150.25,,3811.22
2023-09-02,2066.67,1150.68,298.99,110,212.84,,3839.18
2023-09-03,2066.67,1150.68,341.05,110,210.16,,3878.56
2023-09-04,2066.67,1150.68,309.26,110,204.28,,3840.89
2023-09-05,2066.67,1150.68,330.67,110,211.74,,3869.76
2023-09-06,2066.67,1150.68,370.25,110,182.47,,3880.07
2023-09-07,2066.67,1150.68,314.82,110,203.18,,3845.35
2023-09-08,2066.67,1150.68,355.83,110,179.1,,3862.28
2023-09-09,2066.67,1150.68,363.01,110,196.83,,3887.19
2023-09-10,2066.67,1150.68,359.56,1010,214.56,,4801.47
2023-09-11,2066.67,1150.68,340.98,1010,188.39,,4756.72
2023-09-12,2066.67,1150.68,343.77,1010,194.56,,4765.68
2023-09-13,2066.67,1150.68,360.07,1010,192.52,,4779.94
2023-09-14,2066.67,1150.68,360.56,1010,170.69,,4758.6
2023-09-15,2066.67,1150.68,350.96,1010,197.57,,4775.88
2023-09-16,2066.67,1150.68,297.49,1010,180.06,,4704.9
2023-09-17,2066.67,1150.68,328.12,1010,182.03,,4737.5
2023-09-18,2066.67,1150.68,309.5,1010,245.6,,4782.45
2023-09-19,2066.67,1150.68,316.67,1010,206.45,,4750.47
2023-09-20,2066.67,1150.68,351.39,1010,192.89,,4771.63
2023-09-21,2416.67,1150.68,345.34,1810,177.68,,5900.37
2023-09-22,2416.67,1150.68,345.48,1810,171.43,,5894.26
2023-09-23,2416.67,1150.68,306.08,1810,176.54,,5859.97
2023-09-24,2416.67,1150.68,284.03,1810,173.42,,5834.8
2023-09-25,2066.67,1150.68,349.72,1010,198.9,,4775.97
2023-09-26,2066.67,1150.68,326.39,1010,204.17,,4757.91
2023-09-27,2066.67,1150.68,336.01,1010,209.54,,4772.9
2023-09-28,2066.67,1150.68,330.15,1010,207.51,,4765.01
2023-09-29,2066.67,1150.68,321.48,1010,214.01,,4762.84
2023-09-30,2066.67,1150.68,333.17,1010,189.87,,4750.39
2023-10-01,2000.0,1150.68,266.5,110,173.94,,3701.12
2023-10-02,2000.0,1150.68,303.51,110,205.55,,3769.74
2023-10-03,2000.0,1150.68,310.58,110,168.57,,3739.83
2023-10-04,2000.0,1150.68,320.05,110,179.78,,3760.51
2023-10-05,2000.0,1150.68,289.57,110,150.07,,3700.32
2023-10-06,2000.0,1150.68,287.67,110,197.97,,3746.32
2023-10-07,2000.0,1150.68,292.53,110,193.5,,3746.71
2023-10-08,2000.0,1150.68,274.29,110,226.79,,3761.76
2023-10-09,2000.0,1150.68,274.22,110,191.42,,3726.32
2023-10-10,2000.0,1150.68,242.86,110,170.07,,3673.61
2023-10-11,2000.0,1150.68,276.46,110,203.54,,3740.68
2023-10-12,2000.0,1150.68,243.21,110,178.96,,3682.85
2023-10-13,2000.0,1150.68,239.05,110,185.99,,3685.72
2023-10-14,2000.0,1150.68,246.98,110,198.09,,3705.75
2023-10-15,2000.0,1150.68,278.22,110,232.75,,3771.65
2023-10-16,2000.0,1150.68,275.05,110,243.58,,3779.31
2023-10-17,2000.0,1150.68,253.97,110,207.36,,3722.01
2023-10-18,2000.0,1150.68,270.47,110,198.96,,3730.11
2023-10-19,2000.0,1150.68,263.57,110,190.02,,3714.27
2023-10-20,2000.0,1150.68,274.8,110,191.55,,3727.03
2023-10-21,2000.0,1150.68,244.83,110,194.57,,3700.08
2023-10-22,2000.0,1150.68,249.33,110,217.89,,3727.9
2023-10-23,2000.0,1150.68,217.86,110,151.03,,3629.57
2023-10-24,2000.0,1150.68,239.62,110,219.52,,3719.82
2023-10-25,2000.0,1150.68,219.25,110,186.27,,3666.2
2023-10-26,2000.0,1150.68,226.08,110,193.73,,3680.49
2023-10-27,2000.0,1150.68,224.64,110,195.25,,3680.57
2023-10-28,2000.0,1150.68,221.38,110,178.23,,3660.29
2023-10-29,2000.0,1150.68,187.65,110,208.41,,3656.74
2023-10-30,2000.0,1150.68,190.13,110,198.01,,3648.82
2023-10-31,2000.0,1150.68,215.46,110,128.75,,3604.89
2023-11-01,2066.67,1150.68,176.57,110,160.21,,3664.13
2023-11-02,2066.67,1150.68,207.71,110,198.79,,3733.85
2023-11-03,2066.67,1150.68,191.96,110,210.15,,3729.46
2023-11-04,2066.67,1150.68,206.12,110,177.69,,3711.16
2023-11-05,2066.67,1150.68,190.09,110,204.64,,3722.08
2023-11-06,2066.67,1150.68,198.69,110,141.92,,3667.96
2023-11-07,2066.67,1150.68,218.53,110,182.75,,3728.63
2023-11-08,2066.67,1150.68,194.56,110,208.87,,3730.78
2023-11-09,2066.67,1150.68,200.24,110,168.05,,3695.64
2023-11-10,2066.67,1150.68,213.1,110,192.26,,3732.71
2023-11-11,2066.67,1150.68,175.87,110,181.82,,3685.04
2023-11-12,2066.67,1150.68,225.71,110,181.55,,3734.61
2023-11-13,2066.67,1150.68,201.96,110,198.51,,3727.82
2023-11-14,2066.67,1150.68,203.06,110,150.03,,3680.44
2023-11-15,2066.67,1150.68,223.69,110,187.51,,3738.55
2023-11-16,2066.67,1150.68,232.83,110,194.91,,3755.09
2023-11-17,2066.67,1150.68,185.69,110,160.64,,3673.68
2023-11-18,2066.67,1150.68,213.49,110,219.97,,3760.81
2023-11-19,2066.67,1150.68,196.04,110,202.18,,3725.57
2023-11-20,2066.67,1150.68,199.08,110,173.52,,3699.95
2023-11-21,2066.67,1150.68,206.05,110,206.66,,3740.06
2023-11-22,2416.67,1150.68,209.54,1310,160.74,,5247.63
2023-11-23,2416.67,1150.68,185.99,1310,193.25,,5256.59
2023-11-24,2416.67,1150.68,220.64,1310,192.49,,5290.48
2023-11-25,2416.67,1150.68,197.43,1310,167.61,,5242.39
2023-11-26,2416.67,1150.68,219.39,1310,175.01,,5271.75
2023-11-27,2416.67,1150.68,205.54,1310,203.79,,5286.68
2023-11-28,2066.67,1150.68,223.24,110,201.47,,3752.06
2023-11-29,2066.67,1150.68,224.02,110,227.44,,3778.81
2023-11-30,2066.67,1150.68,220.62,110,224.17,,3772.14
2023-12-01,2000.0,1150.68,220.39,110,181.13,,3662.2
2023-12-02,2000.0,1150.68,202.12,110,192.64,,3655.44
2023-12-03,2000.0,1150.68,229.33,110,198.8,,3688.81
2023-12-04,2000.0,1150.68,185.57,110,226.19,,3672.44
2023-12-05,2000.0,1150.68,231.11,110,210.77,,3702.56
2023-12-06,2000.0,1150.68,220.46,110,197.18,,3678.32
2023-12-07,2000.0,1150.68,250.05,110,187.0,,3697.73
2023-12-08,2000.0,1150.68,207.75,110,158.05,,3626.48
2023-12-09,2000.0,1150.68,223.83,110,174.59,,3659.1
2023-12-10,2000.0,1150.68,205.53,110,207.16,,3673.37
2023-12-11,2000.0,1150.68,190.34,110,166.28,,3617.3
2023-12-12,2000.0,1150.68,223.5,110,165.14,,3649.32
2023-12-13,2000.0,1150.68,219.8,110,160.16,,3640.64
2023-12-14,2000.0,1150.68,216.76,110,177.75,,3655.19
2023-12-15,2000.0,1150.68,203.96,110,172.06,,3636.7
2023-12-16,2000.0,1150.68,222.44,110,196.84,,3679.96
2023-12-17,2000.0,1150.68,234.45,110,181.32,,3676.45
2023-12-18,2000.0,1150.68,204.16,110,186.78,,3651.62
2023-12-19,2000.0,1150.68,198.89,110,170.47,,3630.04
2023-12-20,2000.0,1150.68,195.87,110,194.17,,3650.72
2023-12-21,2000.0,1150.68,207.5,110,197.4,,3665.58
2023-12-22,2000.0,1150.68,199.85,110,191.07,,3651.6
2023-12-23,2000.0,1150.68,208.19,110,215.73,,3684.6
2023-12-24,2000.0,1150.68,204.83,110,190.93,,3656.44
2023-12-25,2000.0,1150.68,222.04,110,207.74,,3690.46
2023-12-26,2000.0,1150.68,221.14,110,183.54,,3665.36
2023-12-27,2000.0,1150.68,236.6,110,186.83,,3684.11
2023-12-28,2000.0,1150.68,196.21,110,239.14,,3696.03
2023-12-29,2000.0,1150.68,232.97,110,206.16,,3699.81
2023-12-30,2000.0,1150.68,234.07,110,200.71,,3695.46
2023-12-31,2000.0,1150.68,223.79,110,224.99,,3709.46
2024-01-01,2177.42,1147.54,207.14,110,210.54,,3852.64
2024-01-02,2177.42,1147.54,215.87,110,177.43,,3828.26
2024-01-03,2177.42,1147.54,206.23,110,200.37,,3841.56
2024-01-04,2177.42,1147.54,210.71,110,219.03,,3864.7
2024-01-05,2177.42,1147.54,211.12,110,161.42,,3807.5
2024-01-06,2177.42,1147.54,201.59,110,158.35,,3794.9
2024-01-07,2177.42,1147.54,216.56,110,200.27,,3851.79
2024-01-08,2177.42,1147.54,227.5,110,211.55,,3874.01
2024-01-09,2177.42,1147.54,185.28,110,198.72,,3818.96
2024-01-10,2177.42,1147.54,207.59,110,158.7,,3801.25
2024-01-11,2177.42,1147.54,197.81,110,205.98,,3838.75
2024-01-12,2177.42,1147.54,199.75,110,233.65,,3868.36
2024-01-13,2177.42,1147.54,205.76,110,227.13,,3867.85
2024-01-14,2177.42,1147.54,212.57,110,209.37,,3856.9
2024-01-15,2177.42,1147.54,207.37,110,201.21,,3843.54
2024-01-16,2177.42,1147.54,197.49,110,179.12,,3811.57
2024-01-17,2177.42,1147.54,226.99,110,179.5,,3841.45
2024-01-18,2177.42,1147.54,216.37,110,169.27,,3820.6
2024-01-19,2177.42,1147.54,223.94,110,175.65,,3834.55
2024-01-20,2177.42,1147.54,213.15,110,215.23,,3863.34
2024-01-21,2177.42,1147.54,201.21,110,197.04,,3833.21
2024-01-22,2177.42,1147.54,203.32,110,197.55,,3835.83
2024-01-23,2177.42,1147.54,224.8,110,151.52,,3811.28
2024-01-24,2177.42,1147.54,217.45,110,184.9,,3837.31
2024-01-25,2177.42,1147.54,222.32,110,210.19,,3867.47
2024-01-26,2177.42,1147.54,194.38,110,195.12,,3824.46
2024-01-27,2177.42,1147.54,211.7,110,182.46,,3829.12
2024-01-28,2177.42,1147.54,204.5,110,193.5,,3832.96
2024-01-29,2177.42,1147.54,197.45,110,215.54,,3847.95
2024-01-30,2177.42,1147.54,232.99,110,176.27,,3844.22
2024-01-31,2177.42,1147.54,206.04,110,181.98,,3822.98
2024-02-01,2327.59,1147.54,246.95,110,198.57,,4030.65
2024-02-02,2327.59,1147.54,199.38,110,202.29,,3986.8
2024-02-03,2327.59,1147.54,176.1,110,197.01,,3958.24
2024-02-04,2327.59,1147.54,201.85,110,186.24,,3973.22
2024-02-05,2327.59,1147.54,206.99,110,187.28,,3979.4
2024-02-06,2327.59,1147.54,219.63,110,223.54,,4028.3
2024-02-07,2327.59,1147.54,198.4,110,207.44,,3990.97
2024-02-08,2327.59,1147.54,223.81,110,184.17,,3993.11
2024-02-09,2327.59,1147.54,212.85,110,200.23,,3998.21
2024-02-10,2327.59,1147.54,198.97,110,174.48,,3958.58
2024-02-11,2327.59,1147.54,208.74,110,201.78,,3995.65
2024-02-12,2327.59,1147.54,194.55,110,186.13,,3965.81
2024-02-13,2327.59,1147.54,229.54,110,211.9,,4026.57
2024-02-14,2327.59,1147.54,220.24,110,163.37,,3968.74
2024-02-15,2327.59,1147.54,189.78,110,184.06,,3958.97
2024-02-16,2327.59,1147.54,208.73,110,187.56,,3981.42
2024-02-17,2327.59,1147.54,216.08,110,221.54,,4022.75
2024-02-18,2327.59,1147.54,193.45,110,177.57,,3956.15
2024-02-19,2327.59,1147.54,210.55,110,199.12,,3994.8
2024-02-20,2327.59,1147.54,200.55,110,213.48,,3999.16
2024-02-21,2327.59,1147.54,214.51,610,188.63,,4488.27
2024-02-22,2327.59,1147.54,218.47,610,155.9,,4459.5
2024-02-23,2327.59,1147.54,239.04,610,207.01,,4531.18
2024-02-24,2327.59,1147.54,208.09,110,199.23,,3992.45
2024-02-25,2327.59,1147.54,207.05,110,227.92,,4020.1
2024-02-26,2327.59,1147.54,213.1,110,224.36,,4022.59
2024-02-27,2327.59,1147.54,230.2,110,225.86,,4041.19
2024-02-28,2327.59,1147.54,223.14,110,187.72,,3995.99
2024-02-29,2327.59,1147.54,240.35,110,180.1,,4005.58
2024-03-01,2177.42,1147.54,209.01,110,208.3,,3852.27
2024-03-02,2177.42,1147.54,189.42,110,215.33,,3839.71
2024-03-03,2177.42,1147.54,188.27,110,205.89,,3829.12
2024-03-04,2177.42,1147.54,217.85,110,208.16,,3860.97
2024-03-05,2177.42,1147.54,220.16,110,166.14,,3821.26
2024-03-06,2177.42,1147.54,191.26,110,222.03,,3848.25
2024-03-07,2177.42,1147.54,212.5,110,214.16,,3861.62
2024-03-08,2177.42,1147.54,205.58,110,144.14,,3784.68
2024-03-09,2177.42,1147.54,201.2,110,199.59,,3835.75
2024-03-10,2177.42,1147.54,233.23,110,169.2,,3837.39
2024-03-11,2438.71,1147.54,210.46,360,178.79,,4335.5
2024-03-12,2438.71,1147.54,185.64,360,197.64,,4329.53
2024-03-13,2438.71,1147.54,211.6,360,169.14,,4326.99
2024-03-14,2438.71,1147.54,193.61,360,185.21,,4325.07
2024-03-15,2438.71,1147.54,227.32,360,187.46,,4361.03
2024-03-16,2438.71,1147.54,209.57,360,211.64,,4367.46
2024-03-17,2438.71,1147.54,219.5,360,197.94,,4363.69
2024-03-18,2438.71,1147.54,234.5,360,222.7,,4403.45
2024-03-19,2438.71,1147.54,243.9,360,152.65,,4342.8
2024-03-20,2438.71,1147.54,209.75,360,194.8,,4350.8
2024-03-21,2438.71,1147.54,188.97,360,187.41,,4322.63
2024-03-22,2438.71,1147.54,211.05,360,162.42,,4319.72
2024-03-23,2438.71,1147.54,206.32,360,208.41,,4360.98
2024-03-24,2438.71,1147.54,181.18,360,191.77,,4319.2
2024-03-25,2438.71,1147.54,209.76,360,147.59,,4303.6
2024-03-26,2438.71,1147.54,213.84,360,175.44,,4335.53
2024-03-27,2438.71,1147.54,198.2,360,189.25,,4333.7
2024-03-28,2438.71,1147.54,239.59,360,201.95,,4387.79
2024-03-29,2438.71,1147.54,210.66,360,191.33,,4348.24
2024-03-30,2438.71,1147.54,251.31,360,164.14,,4361.7
2024-03-31,2438.71,1147.54,258.47,360,217.96,,4422.68
2024-04-01,2520.0,1147.54,297.52,360,227.51,,4552.57
2024-04-02,2520.0,1147.54,276.81,360,177.84,,4482.19
2024-04-03,2520.0,1147.54,265.48,360,194.23,,4487.25
2024-04-04,2520.0,1147.54,267.24,360,180.06,,4474.84
2024-04-05,2520.0,1147.54,298.36,360,204.33,,4530.23
2024-04-06,2520.0,1147.54,297.24,360,157.82,,4482.6
2024-04-07,2520.0,1147.54,293.16,360,207.47,,4528.17
2024-04-08,2520.0,1147.54,310.02,360,196.33,,4533.89
2024-04-09,2520.0,1147.54,292.43,360,178.57,,4498.54
2024-04-10,2250.0,1147.54,279.21,110,183.4,,3970.15
2024-04-11,2250.0,1147.54,274.25,110,147.73,,3929.52
2024-04-12,2250.0,1147.54,290.15,110,168.21,,3965.9
2024-04-13,2250.0,1147.54,298.23,110,219.39,,4025.16
2024-04-14,2250.0,1147.54,272.09,110,173.79,,3953.42
2024-04-15,2250.0,1147.54,245.36,110,190.86,,3943.76
2024-04-16,2250.0,1147.54,272.4,110,195.21,,3975.15
2024-04-17,2250.0,1147.54,241.58,110,183.53,,3932.65
2024-04-18,2250.0,1147.54,283.87,110,229.03,,4020.44
2024-04-19,2250.0,1147.54,260.62,110,173.64,,3941.8
2024-04-20,2250.0,1147.54,266.24,110,187.1,,3960.88
2024-04-21,2250.0,1147.54,278.24,110,209.71,,3995.49
2024-04-22,2250.0,1147.54,262.05,110,149.84,,3919.43
2024-04-23,2250.0,1147.54,255.07,110,143.88,,3906.49
2024-04-24,2250.0,1147.54,237.35,110,206.71,,3951.6
2024-04-25,2250.0,1147.54,262.04,110,218.37,,3987.95
2024-04-26,2250.0,1147.54,287.97,110,213.38,,4008.89
2024-04-27,2250.0,1147.54,291.21,110,205.9,,4004.65
2024-04-28,2250.0,1147.54,294.35,110,162.63,,3964.52
2024-04-29,2250.0,1147.54,297.99,110,185.39,,3990.92
2024-04-30,2250.0,1147.54,246.63,110,186.2,,3940.37
2024-05-01,2177.42,1147.54,324.77,110,197.81,,3957.54
2024-05-02,2177.42,1147.54,329.21,110,188.95,,3953.12
2024-05-03,2177.42,1147.54,286.94,110,153.14,,3875.04
2024-05-04,2177.42,1147.54,291.33,110,187.35,,3913.64
2024-05-05,2177.42,1147.54,314.16,110,181.86,,3930.98
2024-05-06,2177.42,1147.54,296.47,110,166.74,,3898.17
2024-05-07,2177.42,1147.54,324.64,110,170.43,,3930.03
2024-05-08,2177.42,1147.54,329.93,110,219.77,,3984.66
2024-05-09,2177.42,1147.54,285.14,110,219.78,,3939.88
2024-05-10,2177.42,1147.54,300.6,110,188.23,,3923.79
2024-05-11,2177.42,1147.54,369.0,110,206.01,,4009.97
2024-05-12,2177.42,1147.54,350.65,110,188.8,,3974.41
2024-05-13,2177.42,1147.54,351.91,110,168.09,,3954.96
2024-05-14,2177.42,1147.54,351.35,110,189.81,,3976.12
2024-05-15,2177.42,1147.54,369.37,110,163.16,,3967.49
2024-05-16,2177.42,1147.54,368.31,110,166.7,,3969.97
2024-05-17,2177.42,1147.54,348.71,110,159.65,,3943.32
2024-05-18,2177.42,1147.54,373.59,110,202.05,,4010.6
2024-05-19,2177.42,1147.54,351.57,110,194.66,,3981.19
2024-05-20,2177.42,1147.54,383.81,110,185.88,,4004.65
2024-05-21,2177.42,1147.54,360.68,110,209.19,,4004.83
2024-05-22,2177.42,1147.54,357.13,110,157.96,,3950.05
2024-05-23,2177.42,1147.54,359.99,110,187.74,,3982.69
2024-05-24,2177.42,1147.54,367.39,110,202.1,,4004.45
2024-05-25,2177.42,1147.54,356.04,110,209.21,,4000.21
2024-05-26,2177.42,1147.54,350.97,110,234.35,,4020.28
2024-05-27,2177.42,1147.54,318.45,110,202.14,,3955.55
2024-05-28,2177.42,1147.54,325.1,110,205.27,,3965.33
2024-05-29,2177.42,1147.54,332.03,110,209.59,,3976.58
2024-05-30,2177.42,1147.54,357.58,110,197.37,,3989.91
2024-05-31,2177.42,1147.54,334.54,110,189.71,,3959.21
2024-06-01,2250.0,1147.54,331.88,110,198.45,,4037.87
2024-06-02,2250.0,1147.54,337.24,110,179.93,,4024.71
2024-06-03,2250.0,1147.54,345.68,110,189.4,,4042.62
2024-06-04,2250.0,1147.54,329.9,110,169.24,,4006.68
2024-06-05,2250.0,1147.54,331.14,110,183.99,,4022.67
2024-06-06,2250.0,1147.54,346.15,110,178.69,,4032.38
2024-06-07,2250.0,1147.54,360.29,110,196.56,,4064.39
2024-06-08,2250.0,1147.54,343.76,110,162.57,,4013.87
2024-06-09,2250.0,1147.54,369.08,110,214.0,,4090.62
2024-06-10,2250.0,1147.54,373.19,110,182.27,,4063.0
2024-06-11,2250.0,1147.54,331.23,110,186.71,,4025.48
2024-06-12,2250.0,1147.54,360.87,110,179.44,,4047.85
2024-06-13,2250.0,1147.54,368.23,110,185.2,,4060.97
2024-06-14,2250.0,1147.54,365.03,110,216.55,,4089.12
2024-06-15,2250.0,1147.54,372.55,110,188.91,,4069.0
2024-06-16,2250.0,1147.54,330.01,110,182.6,,4020.15
2024-06-17,2250.0,1147.54,364.52,110,199.41,,4071.47
2024-06-18,2250.0,1147.54,351.71,110,190.59,,4049.84
2024-06-19,2250.0,1147.54,349.32,110,189.11,,4045.97
2024-06-20,2250.0,1147.54,349.88,110,193.18,,4050.6
2024-06-21,2250.0,1147.54,373.35,110,198.99,,4079.88
2024-06-22,2250.0,1147.54,387.79,110,207.17,,4102.5
2024-06-23,2250.0,1147.54,383.65,110,157.45,,4048.64
2024-06-24,2250.0,1147.54,343.3,110,186.28,,4037.12
2024-06-25,2250.0,1147.54,337.77,110,159.86,,4005.17
2024-06-26,2250.0,1147.54,382.04,110,201.16,,4090.74
2024-06-27,2250.0,1147.54,377.61,110,153.13,,4038.28
2024-06-28,2250.0,1147.54,396.94,110,191.56,,4096.04
2024-06-29,2250.0,1147.54,373.48,110,174.17,,4055.19
2024-06-30,2250.0,1147.54,371.77,110,205.28,,4084.59
2024-07-01,2177.42,1147.54,381.67,360,185.83,,4252.46
2024-07-02,2177.42,1147.54,383.93,360,184.43,,4253.32
2024-07-03,2177.42,1147.54,389.34,360,176.92,,4251.22
2024-07-04,2177.42,1147.54,416.04,360,185.08,,4286.08
2024-07-05,2177.42,1147.54,407.4,110,208.02,,4050.38
2024-07-06,2177.42,1147.54,387.03,110,163.67,,3985.66
2024-07-07,2177.42,1147.54,404.6,360,166.16,,4255.72
2024-07-08,2177.42,1147.54,410.36,360,191.27,,4286.59
2024-07-09,2177.42,1147.54,365.82,360,173.18,,4223.96
2024-07-10,2177.42,1147.54,378.33,360,212.43,,4275.72
2024-07-11,2177.42,1147.54,342.17,360,192.23,,4219.36
2024-07-12,2177.42,1147.54,369.22,110,201.64,,4005.82
2024-07-13,2177.42,1147.54,370.63,110,206.32,,4011.91
2024-07-14,2177.42,1147.54,371.52,360,174.35,,4230.83
2024-07-15,2177.42,1147.54,388.95,360,188.33,,4262.24
2024-07-16,2177.42,1147.54,372.28,360,189.93,,4247.17
2024-07-17,2177.42,1147.54,391.66,360,210.16,,4286.78
2024-07-18,2177.42,1147.54,399.06,360,200.15,,4284.17
2024-07-19,2177.42,1147.54,380.72,110,167.91,,3983.59
2024-07-20,2177.42,1147.54,385.1,110,191.63,,4011.69
2024-07-21,2177.42,1147.54,394.93,360,188.31,,4268.2
2024-07-22,2177.42,1147.54,375.1,360,172.28,,4232.34
2024-07-23,2177.42,1147.54,387.7,360,217.46,,4290.12
2024-07-24,2177.42,1147.54,373.58,360,182.71,,4241.25
2024-07-25,2177.42,1147.54,358.64,360,190.99,,4234.59
2024-07-26,2177.42,1147.54,336.65,110,153.5,,3925.11
2024-07-27,2177.42,1147.54,355.5,110,185.54,,3976.0
2024-07-28,2177.42,1147.54,400.44,360,223.22,,4308.62
2024-07-29,2177.42,1147.54,364.29,360,168.53,,4217.78
2024-07-30,2177.42,1147.54,353.87,360,199.13,,4237.96
2024-07-31,2177.42,1147.54,369.64,360,181.17,,4235.77
2024-08-01,2177.42,1147.54,372.2,360,176.08,,4233.24
2024-08-02,2177.42,1147.54,388.79,110,223.11,,4046.86
2024-08-03,2177.42,1147.54,378.87,110,215.95,,4029.78
2024-08-04,2177.42,1147.54,416.14,360,177.56,,4278.66
2024-08-05,2177.42,1147.54,356.76,360,213.93,,4255.65
2024-08-06,2177.42,1147.54,364.57,360,182.24,,4231.77
2024-08-07,2177.42,1147.54,361.13,360,153.37,,4199.46
2024-08-08,2177.42,1147.54,400.51,360,204.9,,4290.37
2024-08-09,2177.42,1147.54,366.35,110,184.87,,3986.18
2024-08-10,2177.42,1147.54,379.86,110,146.31,,3961.13
2024-08-11,2177.42,1147.54,386.97,360,170.9,,4242.83
2024-08-12,2177.42,1147.54,359.95,360,191.38,,4236.29
2024-08-13,2177.42,1147.54,366.26,360,219.36,,4270.58
2024-08-14,2177.42,1147.54,359.02,360,160.64,,4204.62
2024-08-15,2177.42,1147.54,394.86,360,175.36,,4255.18
2024-08-16,2177.42,1147.54,431.5,110,200.28,,4066.74
2024-08-17,2177.42,1147.54,395.23,110,219.47,,4049.66
2024-08-18,2177.42,1147.54,389.43,660,174.72,,4549.11
2024-08-19,2177.42,1147.54,441.7,660,205.72,,4632.38
2024-08-20,2177.42,1147.54,359.77,660,187.6,,4532.33
2024-08-21,2177.42,1147.54,376.4,660,191.14,,4552.5
2024-08-22,2177.42,1147.54,356.17,660,194.5,,4535.63
2024-08-23,2177.42,1147.54,353.11,410,182.48,,4270.55
2024-08-24,2177.42,1147.54,366.51,410,163.52,,4264.99
2024-08-25,2177.42,1147.54,357.56,660,205.3,,4547.82
2024-08-26,2177.42,1147.54,333.48,660,222.46,,4540.9
2024-08-27,2177.42,1147.54,373.32,660,164.36,,4522.64
2024-08-28,2177.42,1147.54,381.68,660,184.75,,4551.39
2024-08-29,2177.42,1147.54,375.33,660,180.9,,4541.19
2024-08-30,2177.42,1147.54,331.47,410,192.57,,4259.0
2024-08-31,2177.42,1147.54,323.83,410,192.19,,4250.98
2024-09-01,2250.0,1147.54,312.62,110,175.95,,3996.11
2024-09-02,2250.0,1147.54,340.26,110,186.11,,4033.91
2024-09-03,2250.0,1147.54,365.33,110,160.2,,4033.07
2024-09-04,2250.0,1147.54,334.23,110,196.21,,4037.98
2024-09-05,2250.0,1147.54,377.76,110,180.72,,4066.02
2024-09-06,2250.0,1147.54,361.57,110,182.75,,4051.86
2024-09-07,2250.0,1147.54,384.69,110,208.24,,4100.47
2024-09-08,2250.0,1147.54,363.94,110,165.71,,4037.19
2024-09-09,2250.0,1147.54,324.19,110,186.24,,4017.97
2024-09-10,2250.0,1147.54,360.02,110,190.4,,4057.96
2024-09-11,2250.0,1147.54,375.15,110,206.86,,4089.55
2024-09-12,2250.0,1147.54,378.81,110,202.27,,4088.62
2024-09-13,2250.0,1147.54,357.06,110,203.34,,4067.94
2024-09-14,2250.0,1147.54,368.99,110,180.88,,4057.41
2024-09-15,2250.0,1147.54,355.68,110,179.46,,4042.68
2024-09-16,2250.0,1147.54,301.91,110,169.32,,3978.77
2024-09-17,2250.0,1147.54,325.03,110,219.59,,4052.16
2024-09-18,2250.0,1147.54,340.57,110,165.72,,4013.83
2024-09-19,2250.0,1147.54,388.91,110,189.56,,4086.01
2024-09-20,2250.0,1147.54,352.78,110,215.03,,4075.35
2024-09-21,2600.0,1147.54,347.02,910,206.24,,5210.8
2024-09-22,2600.0,1147.54,367.25,910,163.55,,5188.34
2024-09-23,2600.0,1147.54,359.34,910,181.31,,5198.19
2024-09-24,2600.0,1147.54,342.49,910,186.23,,5186.26
2024-09-25,2250.0,1147.54,310.77,110,152.52,,3970.83
2024-09-26,2250.0,1147.54,339.86,110,203.41,,4050.81
2024-09-27,2250.0,1147.54,302.41,110,189.51,,3999.46
2024-09-28,2250.0,1147.54,317.29,110,195.86,,4020.69
2024-09-29,2250.0,1147.54,349.89,110,202.58,,4060.01
2024-09-30,2250.0,1147.54,295.76,110,206.54,,4009.84
2024-10-01,2177.42,1147.54,326.96,110,197.29,,3959.21
2024-10-02,2177.42,1147.54,297.56,110,200.9,,3933.42
2024-10-03,2177.42,1147.54,300.06,110,161.67,,3896.69
2024-10-04,2177.42,1147.54,302.62,110,188.92,,3926.5
2024-10-05,2177.42,1147.54,276.54,110,195.36,,3906.86
2024-10-06,2177.42,1147.54,265.98,110,179.8,,3880.74
2024-10-07,2177.42,1147.54,322.35,110,189.34,,3946.65
2024-10-08,2177.42,1147.54,339.8,110,213.2,,3987.96
2024-10-09,2177.42,1147.54,300.94,110,185.34,,3921.24
2024-10-10,2177.42,1147.54,313.11,110,169.43,,3917.5
2024-10-11,2177.42,1147.54,284.45,110,203.98,,3923.39
2024-10-12,2177.42,1147.54,302.4,110,179.26,,3916.62
2024-10-13,2177.42,1147.54,300.01,110,194.44,,3929.41
2024-10-14,2177.42,1147.54,314.88,110,179.69,,3929.53
2024-10-15,2177.42,1147.54,302.9,110,1405.34,POS repair,5143.2
2024-10-16,2177.42,1147.54,271.66,110,178.31,,3884.93
2024-10-17,2177.42,1147.54,297.26,110,197.53,,3929.75
2024-10-18,2177.42,1147.54,280.97,110,172.48,,3888.41
2024-10-19,2177.42,1147.54,256.14,110,193.33,,3884.43
2024-10-20,2177.42,1147.54,247.48,110,201.47,,3883.91
2024-10-21,2177.42,1147.54,232.13,110,183.55,,3850.64
2024-10-22,2177.42,1147.54,224.73,110,187.05,,3846.74
2024-10-23,2177.42,1147.54,217.14,110,172.79,,3824.89
2024-10-24,2177.42,1147.54,228.05,110,231.45,,3894.46
2024-10-25,2177.42,1147.54,191.57,110,182.66,,3809.19
2024-10-26,2177.42,1147.54,230.47,110,226.64,,3892.07
2024-10-27,2177.42,1147.54,214.98,110,178.64,,3828.58
2024-10-28,2177.42,1147.54,225.31,110,201.47,,3861.74
2024-10-29,2177.42,1147.54,214.71,110,197.85,,3847.52
2024-10-30,2177.42,1147.54,225.78,110,167.2,,3827.94
2024-10-31,2177.42,1147.54,254.27,110,172.63,,3861.86
2024-11-01,2250.0,1147.54,220.97,110,221.41,,3949.92
2024-11-02,2250.0,1147.54,232.62,110,181.07,,3921.23
2024-11-03,2250.0,1147.54,228.47,110,173.27,,3909.28
2024-11-04,2250.0,1147.54,231.13,110,170.79,,3909.46
2024-11-05,2250.0,1147.54,237.0,110,166.02,,3910.56
2024-11-06,2250.0,1147.54,242.25,110,208.94,,3958.73
2024-11-07,2250.0,1147.54,232.45,110,192.7,,3932.69
2024-11-08,2250.0,1147.54,229.73,110,193.7,,3930.97
2024-11-09,2250.0,1147.54,228.56,110,199.08,,3935.18
2024-11-10,2250.0,1147.54,219.99,110,178.32,,3905.85
2024-11-11,2250.0,1147.54,201.97,110,207.52,,3917.03
2024-11-12,2250.0,1147.54,222.91,110,161.82,,3892.27
2024-11-13,2250.0,1147.54,216.66,110,181.27,,3905.47
2024-11-14,2250.0,1147.54,202.22,110,204.55,,3914.31
2024-11-15,2250.0,1147.54,213.92,110,197.6,,3919.06
2024-11-16,2250.0,1147.54,194.21,110,187.28,,3889.03
2024-11-17,2250.0,1147.54,210.0,110,180.63,,3898.17
2024-11-18,2250.0,1147.54,270.23,110,183.82,,3961.59
2024-11-19,2250.0,1147.54,253.55,110,178.34,,3939.43
2024-11-20,2250.0,1147.54,192.54,110,199.63,,3899.71
2024-11-21,2250.0,1147.54,215.39,110,187.12,,3910.05
2024-11-22,2250.0,1147.54,206.72,110,198.22,,3912.48
2024-11-23,2250.0,1147.54,203.21,110,200.02,,3910.77
2024-11-24,2250.0,1147.54,201.68,110,176.54,,3885.76
2024-11-25,2250.0,1147.54,223.41,110,218.54,,3949.49
2024-11-26,2250.0,1147.54,209.3,110,177.63,,3894.47
2024-11-27,2600.0,1147.54,192.96,1310,163.18,,5413.68
2024-11-28,2600.0,1147.54,201.54,1310,172.73,,5431.81
2024-11-29,2600.0,1147.54,208.28,1310,209.04,,5474.86
2024-11-30,2600.0,1147.54,231.73,1310,203.89,,5493.16
2024-12-01,2527.42,1147.54,210.9,1310,178.13,,5373.99
2024-12-02,2527.42,1147.54,227.13,1310,215.23,,5427.32
2024-12-03,2177.42,1147.54,192.67,110,187.01,,3814.64
2024-12-04,2177.42,1147.54,192.26,110,200.03,,3827.25
2024-12-05,2177.42,1147.54,206.44,110,171.81,,3813.21
2024-12-06,2177.42,1147.54,204.76,110,215.93,,3855.65
2024-12-07,2177.42,1147.54,226.02,110,223.55,,3884.53
2024-12-08,2177.42,1147.54,199.76,110,214.47,,3849.19
2024-12-09,2177.42,1147.54,212.87,110,208.96,,3856.79
2024-12-10,2177.42,1147.54,197.65,110,173.96,,3806.57
2024-12-11,2177.42,1147.54,223.3,110,197.36,,3855.62
2024-12-12,2177.42,1147.54,203.42,110,207.27,,3845.65
2024-12-13,2177.42,1147.54,198.99,110,187.52,,3821.47
2024-12-14,2177.42,1147.54,237.11,110,222.05,,3894.12
2024-12-15,2177.42,1147.54,168.16,110,160.12,,3763.24
2024-12-16,2177.42,1147.54,224.48,110,188.27,,3847.71
2024-12-17,2177.42,1147.54,218.79,110,199.01,,3852.76
2024-12-18,2177.42,1147.54,210.31,110,212.42,,3857.69
2024-12-19,2177.42,1147.54,214.35,110,244.96,,3894.27
2024-12-20,2177.42,1147.54,230.96,110,188.67,,3854.59
2024-12-21,2177.42,1147.54,220.25,110,197.63,,3852.84
2024-12-22,2177.42,1147.54,194.25,110,205.51,,3834.72
2024-12-23,2177.42,1147.54,211.91,110,173.21,,3820.08
2024-12-24,2177.42,1147.54,237.23,110,170.83,,3843.02
2024-12-25,2177.42,1147.54,183.13,110,228.3,,3846.39
2024-12-26,2177.42,1147.54,232.08,110,178.52,,3845.56
2024-12-27,2177.42,1147.54,193.69,110,195.11,,3823.76
2024-12-28,2177.42,1147.54,214.59,110,207.67,,3857.22
2024-12-29,2177.42,1147.54,210.79,110,191.73,,3837.48
2024-12-30,2177.42,1147.54,235.76,110,173.78,,3844.5
2024-12-31,2177.42,1147.54,205.53,110,178.42,,3818.91
2025-01-01,2322.58,1246.58,233.26,110,186.18,,4098.6
2025-01-02,2322.58,1246.58,221.78,110,202.89,,4103.83
2025-01-03,2322.58,1246.58,229.67,110,171.14,,4079.97
2025-01-04,2322.58,1246.58,209.18,110,197.87,,4086.21
2025-01-05,2322.58,1246.58,218.6,110,164.79,,4062.55
2025-01-06,2322.58,1246.58,216.9,410,214.19,,4410.25
2025-01-07,2322.58,1246.58,201.65,110,198.45,,4079.26
2025-01-08,2322.58,1246.58,209.05,110,192.92,,4081.13
2025-01-09,2322.58,1246.58,186.61,110,217.88,,4083.65
2025-01-10,2322.58,1246.58,205.61,110,172.68,,4057.45
2025-01-11,2322.58,1246.58,223.87,110,193.88,,4096.91
2025-01-12,2322.58,1246.58,203.8,110,208.76,,4091.72
2025-01-13,2322.58,1246.58,195.01,410,188.38,,4362.55
2025-01-14,2322.58,1246.58,178.33,110,161.92,,4019.41
2025-01-15,2322.58,1246.58,207.98,110,192.39,,4079.53
2025-01-16,2322.58,1246.58,217.59,110,196.65,,4093.4
2025-01-17,2322.58,1246.58,221.97,110,158.31,,4059.44
2025-01-18,2322.58,1246.58,189.57,110,207.84,,4076.57
2025-01-19,2322.58,1246.58,193.33,110,188.82,,4061.31
2025-01-20,2322.58,1246.58,200.4,410,169.85,,4349.41
2025-01-21,2322.58,1246.58,210.86,110,180.21,,4070.23
2025-01-22,2322.58,1246.58,218.94,110,179.6,,4077.7
2025-01-23,2322.58,1246.58,192.04,110,151.02,,4022.22
2025-01-24,2322.58,1246.58,212.3,110,176.82,,4068.28
2025-01-25,2322.58,1246.58,218.88,110,218.03,,4116.07
2025-01-26,2322.58,1246.58,201.85,110,151.88,,4032.89
2025-01-27,2322.58,1246.58,220.71,410,172.2,,4372.07
2025-01-28,2322.58,1246.58,191.78,110,227.18,,4098.12
2025-01-29,2322.58,1246.58,221.36,110,200.0,,4100.52
2025-01-30,2322.58,1246.58,197.48,110,165.99,,4042.63
2025-01-31,2322.58,1246.58,191.69,110,149.72,,4020.57
2025-02-01,2571.43,1246.58,205.12,110,150.08,,4283.21
2025-02-02,2571.43,1246.58,214.02,110,192.12,,4334.15
2025-02-03,2571.43,1246.58,223.45,410,193.68,,4645.14
2025-02-04,2571.43,1246.58,220.29,110,186.81,,4335.11
2025-02-05,2571.43,1246.58,231.95,110,211.92,,4371.88
2025-02-06,2571.43,1246.58,228.43,110,201.05,,4357.49
2025-02-07,2571.43,1246.58,195.66,110,173.18,,4296.85
2025-02-08,2571.43,1246.58,193.35,110,181.57,,4302.93
2025-02-09,2571.43,1246.58,219.51,110,157.25,,4304.77
2025-02-10,2571.43,1246.58,177.24,410,204.64,,4609.89
2025-02-11,2571.43,1246.58,210.37,110,177.18,,4315.56
2025-02-12,2571.43,1246.58,203.66,110,199.05,,4330.72
2025-02-13,2571.43,1246.58,206.21,110,180.93,,4315.15
2025-02-14,2571.43,1246.58,213.23,110,196.19,,4337.43
2025-02-15,2571.43,1246.58,193.2,110,175.18,,4296.39
2025-02-16,2571.43,1246.58,210.4,110,183.13,,4321.54
2025-02-17,2571.43,1246.58,211.46,410,203.32,,4642.79
2025-02-18,2571.43,1246.58,213.98,110,174.09,,4316.08
2025-02-19,2571.43,1246.58,224.14,110,201.95,,4354.1
2025-02-20,2571.43,1246.58,215.0,110,168.33,,4311.34
2025-02-21,2571.43,1246.58,175.21,610,169.38,,4772.6
2025-02-22,2571.43,1246.58,199.12,610,163.65,,4790.78
2025-02-23,2571.43,1246.58,203.41,610,197.42,,4828.84
2025-02-24,2571.43,1246.58,205.69,410,210.44,,4644.14
2025-02-25,2571.43,1246.58,185.92,110,196.91,,4310.84
2025-02-26,2571.43,1246.58,180.47,110,196.63,,4305.11
2025-02-27,2571.43,1246.58,210.49,110,180.11,,4318.61
2025-02-28,2571.43,1246.58,231.41,110,193.08,,4352.5
2025-03-01,2601.29,1246.58,215.12,360,175.04,,4598.03
2025-03-02,2601.29,1246.58,217.4,360,199.31,,4624.58
2025-03-03,2601.29,1246.58,216.3,360,181.53,,4605.7
2025-03-04,2601.29,1246.58,208.77,360,179.61,,4596.25
2025-03-05,2601.29,1246.58,208.23,360,195.88,,4611.98
2025-03-06,2601.29,1246.58,210.49,360,173.14,,4591.5
2025-03-07,2601.29,1246.58,214.04,360,201.72,,4623.63
2025-03-08,2601.29,1246.58,211.85,360,204.89,,4624.61
2025-03-09,2601.29,1246.58,232.43,360,208.85,,4649.15
2025-03-10,2601.29,1246.58,204.58,360,192.03,,4604.48
2025-03-11,2601.29,1246.58,210.39,360,163.06,,4581.32
2025-03-12,2601.29,1246.58,194.29,360,212.76,,4614.92
2025-03-13,2601.29,1246.58,199.44,360,170.78,,4578.09
2025-03-14,2601.29,1246.58,235.61,360,190.48,,4633.96
2025-03-15,2601.29,1246.58,233.62,360,205.88,,4647.37
2025-03-16,2601.29,1246.58,222.97,360,202.41,,4633.25
2025-03-17,2601.29,1246.58,213.55,360,201.12,,4622.54
2025-03-18,2601.29,1246.58,205.99,360,188.08,,4601.94
2025-03-19,2601.29,1246.58,235.64,360,163.48,,4606.99
2025-03-20,2601.29,1246.58,189.43,360,176.08,,4573.38
2025-03-21,2601.29,1246.58,208.12,360,176.02,,4592.01
2025-03-22,2601.29,1246.58,221.32,360,207.79,,4636.98
2025-03-23,2601.29,1246.58,214.62,360,194.56,,4617.05
2025-03-24,2601.29,1246.58,221.52,360,233.91,,4663.3
2025-03-25,2601.29,1246.58,233.04,360,167.34,,4608.25
2025-03-26,2601.29,1246.58,222.4,360,160.48,,4590.75
2025-03-27,2601.29,1246.58,227.15,360,186.26,,4621.28
2025-03-28,2601.29,1246.58,227.9,360,204.25,,4640.02
2025-03-29,2601.29,1246.58,274.55,360,182.73,,4665.15
2025-03-30,2322.58,1246.58,287.31,110,165.36,,4131.83
2025-03-31,2322.58,1246.58,276.96,110,183.77,,4139.89
2025-04-01,2400.0,1246.58,281.35,110,202.87,,4240.8
2025-04-02,2400.0,1246.58,284.03,110,212.07,,4252.68
2025-04-03,2400.0,1246.58,257.88,110,194.1,,4208.56
2025-04-04,2400.0,1246.58,291.87,110,181.88,,4230.33
2025-04-05,2400.0,1246.58,261.34,110,193.77,,4211.69
2025-04-06,2400.0,1246.58,276.24,110,166.12,,4198.94
2025-04-07,2400.0,1246.58,241.66,110,187.7,,4185.94
2025-04-08,2400.0,1246.58,265.31,110,203.16,,4225.05
2025-04-09,2400.0,1246.58,239.4,110,186.2,,4182.18
2025-04-10,2400.0,1246.58,272.51,110,188.17,,4217.26
2025-04-11,2400.0,1246.58,251.39,110,183.64,,4191.61
2025-04-12,2400.0,1246.58,258.77,110,221.19,,4236.54
2025-04-13,2400.0,1246.58,246.26,110,169.15,,4171.99
2025-04-14,2400.0,1246.58,262.33,110,180.89,,4199.8
2025-04-15,2400.0,1246.58,267.42,110,200.46,,4224.46
2025-04-16,2400.0,1246.58,253.33,110,185.46,,4195.37
2025-04-17,2400.0,1246.58,321.06,110,181.28,,4258.92
2025-04-18,2400.0,1246.58,272.57,110,171.79,,4200.94
2025-04-19,2400.0,1246.58,245.69,110,173.0,,4175.27
2025-04-20,2400.0,1246.58,261.27,110,175.55,,4193.4
2025-04-21,2400.0,1246.58,271.69,110,186.73,,4215.0
2025-04-22,2400.0,1246.58,278.99,110,180.56,,4216.13
2025-04-23,2400.0,1246.58,257.42,110,184.66,,4198.66
2025-04-24,2400.0,1246.58,291.79,110,211.65,,4260.02
2025-04-25,2400.0,1246.58,282.95,110,194.99,,4234.52
2025-04-26,2400.0,1246.58,298.5,110,190.09,,4245.17
2025-04-27,2400.0,1246.58,295.4,110,201.8,,4253.78
2025-04-28,2400.0,1246.58,280.57,110,175.03,,4212.18
2025-04-29,2400.0,1246.58,291.88,110,170.86,,4219.32
2025-04-30,2400.0,1246.58,291.37,110,152.03,,4199.98
2025-05-01,2322.58,1246.58,290.23,110,174.87,,4144.26
2025-05-02,2322.58,1246.58,272.26,110,178.15,,4129.57
2025-05-03,2322.58,1246.58,349.62,110,199.21,,4227.99
2025-05-04,2322.58,1246.58,311.03,110,182.2,,4172.39
2025-05-05,2322.58,1246.58,339.22,110,204.69,,4223.07
2025-05-06,2322.58,1246.58,331.13,110,165.17,,4175.46
2025-05-07,2322.58,1246.58,369.56,110,195.89,,4244.61
2025-05-08,2322.58,1246.58,355.58,110,197.98,,4232.72
2025-05-09,2322.58,1246.58,327.24,110,180.76,,4187.16
2025-05-10,2322.58,1246.58,336.81,110,210.29,,4226.26
2025-05-11,2322.58,1246.58,331.76,110,158.48,,4169.4
2025-05-12,2322.58,1246.58,308.95,110,235.33,,4223.44
2025-05-13,2322.58,1246.58,315.16,110,169.58,,4163.9
2025-05-14,2322.58,1246.58,295.25,110,165.94,,4140.35
2025-05-15,2322.58,1246.58,286.83,110,191.22,,4157.21
2025-05-16,2322.58,1246.58,326.62,110,205.8,,4211.58
2025-05-17,2322.58,1246.58,313.77,110,207.07,,4200.0
2025-05-18,2322.58,1246.58,330.24,110,191.54,,4200.94
2025-05-19,2322.58,1246.58,302.61,110,184.87,,4166.64
2025-05-20,2322.58,1246.58,281.47,110,2602.67,Spoilage after power outage,6563.3
2025-05-21,2322.58,1246.58,296.15,110,174.82,,4150.13
2025-05-22,2322.58,1246.58,310.11,110,208.97,,4198.24
2025-05-23,2322.58,1246.58,311.76,110,192.85,,4183.77
2025-05-24,2322.58,1246.58,331.39,110,201.84,,4212.39
2025-05-25,2322.58,1246.58,293.26,110,178.3,,4150.72
2025-05-26,2322.58,1246.58,313.63,110,174.36,,4167.15
2025-05-27,2322.58,1246.58,274.85,110,125.29,,4079.3
2025-05-28,2322.58,1246.58,310.74,110,183.7,,4173.6
2025-05-29,2322.58,1246.58,310.04,110,188.14,,4177.34
2025-05-30,2322.58,1246.58,301.03,110,168.57,,4148.76
2025-05-31,2322.58,1246.58,317.51,110,178.11,,4174.78
2025-06-01,2400.0,1246.58,304.96,110,188.43,,4249.97
2025-06-02,2400.0,1246.58,309.97,110,191.82,,4258.37
2025-06-03,2400.0,1246.58,339.67,110,170.73,,4266.98
2025-06-04,2400.0,1246.58,312.89,110,195.35,,4264.82
2025-06-05,2400.0,1246.58,324.21,110,191.81,,4272.6
2025-06-06,2400.0,1246.58,271.84,110,180.81,,4209.23
2025-06-07,2400.0,1246.58,314.7,110,176.73,,4248.01
2025-06-08,2400.0,1246.58,349.26,110,189.0,,4294.84
2025-06-09,2400.0,1246.58,334.11,110,141.11,,4231.8
2025-06-10,2400.0,1246.58,369.71,110,179.5,,4305.79
2025-06-11,2400.0,1246.58,368.09,110,189.26,,4313.93
2025-06-12,2400.0,1246.58,359.78,110,186.06,,4302.42
2025-06-13,2400.0,1246.58,347.39,110,184.79,,4288.76
2025-06-14,2400.0,1246.58,341.92,110,220.99,,4319.49
2025-06-15,2400.0,1246.58,323.01,110,199.62,,4279.21
2025-06-16,2400.0,1246.58,327.47,110,217.76,,4301.81
2025-06-17,2400.0,1246.58,340.67,110,209.84,,4307.09
2025-06-18,2400.0,1246.58,338.95,110,156.63,,4252.16
2025-06-19,2400.0,1246.58,376.09,110,195.38,,4328.05
2025-06-20,2400.0,1246.58,335.54,110,202.87,,4294.99
2025-06-21,2400.0,1246.58,322.61,110,182.58,,4261.77
2025-06-22,2400.0,1246.58,334.03,360,247.47,,4588.08
2025-06-23,2400.0,1246.58,383.57,360,197.2,,4587.35
2025-06-24,2400.0,1246.58,355.37,360,209.0,,4570.95
2025-06-25,2400.0,1246.58,402.0,360,184.65,,4593.23
2025-06-26,2400.0,1246.58,386.1,360,158.08,,4550.76
2025-06-27,2400.0,1246.58,373.07,110,183.34,,4312.99
2025-06-28,2400.0,1246.58,367.01,110,183.73,,4307.32
2025-06-29,2400.0,1246.58,401.36,360,160.51,,4568.45
2025-06-30,2400.0,1246.58,372.66,360,216.22,,4595.46
2025-07-01,2322.58,1246.58,353.16,360,211.47,,4493.79
2025-07-02,2322.58,1246.58,388.79,360,180.67,,4498.62
2025-07-03,2322.58,1246.58,376.79,360,161.64,,4467.59
2025-07-04,2322.58,1246.58,378.73,110,185.74,,4243.63
2025-07-05,2322.58,1246.58,375.08,110,179.39,,4233.63
2025-07-06,2322.58,1246.58,377.79,360,171.61,,4478.56
2025-07-07,2322.58,1246.58,359.04,360,217.35,,4505.55
2025-07-08,2322.58,1246.58,380.8,360,151.2,,4461.16
2025-07-09,2322.58,1246.58,381.53,360,228.11,,4538.8
2025-07-10,2322.58,1246.58,392.39,360,199.26,,4520.81
2025-07-11,2322.58,1246.58,365.12,110,156.83,,4201.11
2025-07-12,2322.58,1246.58,397.19,110,177.39,,4253.74
2025-07-13,2322.58,1246.58,395.38,360,194.75,,4519.29
2025-07-14,2322.58,1246.58,396.55,360,212.75,,4538.46
2025-07-15,2322.58,1246.58,388.08,360,219.55,,4536.79
2025-07-16,2322.58,1246.58,402.08,360,200.58,,4531.82
2025-07-17,2322.58,1246.58,387.27,360,208.29,,4524.72
2025-07-18,2322.58,1246.58,366.45,110,171.66,,4217.27
2025-07-19,2322.58,1246.58,409.17,110,191.22,,4279.55
2025-07-20,2322.58,1246.58,423.49,360,211.37,,4564.02
2025-07-21,2322.58,1246.58,408.75,360,186.87,,4524.78
2025-07-22,2322.58,1246.58,395.63,360,188.01,,4512.8
2025-07-23,2322.58,1246.58,393.35,360,176.7,,4499.21
2025-07-24,2322.58,1246.58,378.48,360,192.48,,4500.12
2025-07-25,2322.58,1246.58,370.3,110,201.09,,4250.55
2025-07-26,2322.58,1246.58,369.84,110,203.28,,4252.28
2025-07-27,2322.58,1246.58,360.74,360,192.48,,4482.38
2025-07-28,2322.58,1246.58,374.07,360,177.64,,4480.87
2025-07-29,2322.58,1246.58,373.88,360,167.38,,4470.42
2025-07-30,2322.58,1246.58,379.45,360,199.43,,4508.04
2025-07-31,2322.58,1246.58,365.35,360,161.04,,4455.55
2025-08-01,2322.58,1246.58,366.39,110,217.11,,4262.66
2025-08-02,2322.58,1246.58,367.35,110,216.37,,4262.88
2025-08-03,2322.58,1246.58,350.6,360,194.29,,4474.05
2025-08-04,2322.58,1246.58,363.87,360,194.14,,4487.17
2025-08-05,2322.58,1246.58,381.9,360,207.37,,4518.43
2025-08-06,2322.58,1246.58,359.52,360,188.35,,4477.03
2025-08-07,2322.58,1246.58,343.3,360,182.07,,4454.53
2025-08-08,2322.58,1246.58,347.93,110,186.25,,4213.34
2025-08-09,2322.58,1246.58,389.02,110,185.44,,4253.62
2025-08-10,2322.58,1246.58,394.97,360,177.9,,4502.03
2025-08-11,2322.58,1246.58,339.1,360,167.12,,4435.38
2025-08-12,2322.58,1246.58,357.23,360,182.34,,4468.73
2025-08-13,2322.58,1246.58,405.85,360,199.28,,4534.29
2025-08-14,2322.58,1246.58,383.49,360,222.29,,4534.94
2025-08-15,2322.58,1246.58,383.14,110,208.6,,4270.9
2025-08-16,2322.58,1246.58,363.64,110,219.62,,4262.42
2025-08-17,2322.58,1246.58,375.24,360,213.33,,4517.73
2025-08-18,2322.58,1246.58,384.43,360,142.8,,4456.39
2025-08-19,2322.58,1246.58,345.79,360,203.84,,4478.79
2025-08-20,2322.58,1246.58,355.7,360,203.88,,4488.74
2025-08-21,2322.58,1246.58,336.87,360,190.9,,4456.93
2025-08-22,2322.58,1246.58,384.3,110,181.81,,4245.27
2025-08-23,2322.58,1246.58,355.59,110,214.64,,4249.39
2025-08-24,2322.58,1246.58,328.1,660,201.58,,4758.84
2025-08-25,2322.58,1246.58,354.06,660,200.35,,4783.57
2025-08-26,2322.58,1246.58,351.44,660,185.78,,4766.38
2025-08-27,2322.58,1246.58,332.49,660,158.94,,4720.59
2025-08-28,2322.58,1246.58,323.35,660,158.22,,4710.73
2025-08-29,2322.58,1246.58,319.23,410,193.26,,4491.65
2025-08-30,2322.58,1246.58,357.14,410,181.9,,4518.2
2025-08-31,2322.58,1246.58,366.11,660,206.64,,4801.91
2025-09-01,2400.0,1246.58,355.53,410,211.7,,4623.81
2025-09-02,2400.0,1246.58,343.77,410,195.03,,4595.38
2025-09-03,2400.0,1246.58,336.37,410,185.68,,4578.63
2025-09-04,2400.0,1246.58,325.15,410,190.48,,4572.21
2025-09-05,2400.0,1246.58,342.37,410,203.2,,4602.15
2025-09-06,2400.0,1246.58,339.13,410,136.96,,4532.67
2025-09-07,2400.0,1246.58,325.51,110,220.3,,4302.39
2025-09-08,2400.0,1246.58,337.2,110,187.37,,4281.15
2025-09-09,2400.0,1246.58,303.1,110,223.96,,4283.64
2025-09-10,2400.0,1246.58,339.23,110,183.79,,4279.6
2025-09-11,2400.0,1246.58,291.98,110,170.99,,4219.55
2025-09-12,2400.0,1246.58,330.31,110,149.01,,4235.9
2025-09-13,2400.0,1246.58,333.44,110,199.86,,4289.88
2025-09-14,2400.0,1246.58,354.57,110,182.46,,4293.61
2025-09-15,2400.0,1246.58,347.96,110,190.4,,4294.94
2025-09-16,2400.0,1246.58,366.19,110,188.83,,4311.6
2025-09-17,2400.0,1246.58,335.95,110,190.81,,4283.34
2025-09-18,2400.0,1246.58,368.08,110,191.55,,4316.21
2025-09-19,2400.0,1246.58,354.87,110,179.24,,4290.69
2025-09-20,2400.0,1246.58,309.63,110,225.88,,4292.09
2025-09-21,2750.0,1246.58,335.78,910,198.51,,5440.87
2025-09-22,2750.0,1246.58,317.73,910,174.62,,5398.93
2025-09-23,2750.0,1246.58,280.01,910,204.09,,5390.68
2025-09-24,2750.0,1246.58,318.64,910,165.88,,5391.1
2025-09-25,2400.0,1246.58,308.19,110,203.12,,4267.89
2025-09-26,2400.0,1246.58,273.04,110,215.86,,4245.48
2025-09-27,2400.0,1246.58,282.95,110,135.48,,4175.01
2025-09-28,2400.0,1246.58,293.47,110,198.31,,4248.36
2025-09-29,2400.0,1246.58,293.69,110,209.02,,4259.29
2025-09-30,2400.0,1246.58,313.67,110,142.37,,4212.62
2025-10-01,2322.58,1246.58,285.95,110,153.99,,4119.1
2025-10-02,2322.58,1246.58,290.84,110,174.14,,4144.14
2025-10-03,2322.58,1246.58,334.09,110,173.72,,4186.97
2025-10-04,2322.58,1246.58,304.09,110,164.42,,4147.67
2025-10-05,2322.58,1246.58,336.02,110,211.83,,4227.01
2025-10-06,2322.58,1246.58,364.36,110,185.18,,4228.7
2025-10-07,2322.58,1246.58,279.96,110,162.02,,4121.14
2025-10-08,2322.58,1246.58,289.82,110,192.07,,4161.05
2025-10-09,2322.58,1246.58,303.11,110,184.57,,4166.84
2025-10-10,2322.58,1246.58,302.37,110,186.86,,4168.39
2025-10-11,2322.58,1246.58,273.75,110,191.78,,4144.69
2025-10-12,2322.58,1246.58,252.18,110,206.84,,4138.18
2025-10-13,2322.58,1246.58,256.8,110,208.61,,4144.57
2025-10-14,2322.58,1246.58,246.84,110,195.92,,4121.92
2025-10-15,2322.58,1246.58,223.57,110,203.99,,4106.72
2025-10-16,2322.58,1246.58,246.39,110,206.85,,4132.4
2025-10-17,2322.58,1246.58,224.42,110,169.23,,4072.81
2025-10-18,2322.58,1246.58,248.08,110,186.46,,4113.7
2025-10-19,2322.58,1246.58,286.05,110,227.52,,4192.73
2025-10-20,2322.58,1246.58,265.63,110,247.41,,4192.2
2025-10-21,2322.58,1246.58,262.68,110,213.15,,4154.99
2025-10-22,2322.58,1246.58,261.83,110,168.11,,4109.1
2025-10-23,2322.58,1246.58,239.18,110,186.65,,4104.99
2025-10-24,2322.58,1246.58,238.5,110,159.87,,4077.53
2025-10-25,2322.58,1246.58,257.9,110,198.4,,4135.46
2025-10-26,2322.58,1246.58,278.75,110,196.69,,4154.6
2025-10-27,2322.58,1246.58,244.55,110,181.99,,4105.7
2025-10-28,2322.58,1246.58,249.19,110,181.36,,4109.71
2025-10-29,2322.58,1246.58,253.41,110,240.05,,4172.62
2025-10-30,2322.58,1246.58,240.59,110,162.51,,4082.26
2025-10-31,2322.58,1246.58,235.9,110,210.58,,4125.64
2025-11-01,2400.0,1246.58,254.46,110,184.62,,4195.66
2025-11-02,2400.0,1246.58,227.88,110,202.39,,4186.85
2025-11-03,2400.0,1246.58,222.77,110,216.54,,4195.89
2025-11-04,2400.0,1246.58,191.82,110,219.47,,4167.87
2025-11-05,2400.0,1246.58,199.26,110,189.31,,4145.15
2025-11-06,2400.0,1246.58,211.95,110,192.24,,4160.77
2025-11-07,2400.0,1246.58,189.75,110,200.15,,4146.48
2025-11-08,2400.0,1246.58,220.85,110,199.18,,4176.61
2025-11-09,2400.0,1246.58,232.7,110,221.29,,4210.57
2025-11-10,2400.0,1246.58,224.89,110,206.03,,4187.5
2025-11-11,2400.0,1246.58,184.09,110,150.14,,4090.81
2025-11-12,2400.0,1246.58,205.49,110,202.05,,4164.12
2025-11-13,2400.0,1246.58,198.08,110,200.05,,4154.71
2025-11-14,2400.0,1246.58,217.65,110,206.3,,4180.53
2025-11-15,2400.0,1246.58,215.28,110,194.51,,4166.37
2025-11-16,2400.0,1246.58,217.28,110,160.94,,4134.8
2025-11-17,2400.0,1246.58,226.86,110,180.13,,4163.57
2025-11-18,2400.0,1246.58,228.33,110,190.03,,4174.94
2025-11-19,2400.0,1246.58,229.65,110,152.35,,4138.58
2025-11-20,2400.0,1246.58,242.61,110,186.97,,4186.16
2025-11-21,2400.0,1246.58,197.17,110,193.26,,4147.01
2025-11-22,2400.0,1246.58,219.15,110,201.84,,4177.57
2025-11-23,2400.0,1246.58,213.57,110,178.69,,4148.84
2025-11-24,2400.0,1246.58,216.04,110,215.81,,4188.43
2025-11-25,2400.0,1246.58,213.71,110,196.86,,4167.15
2025-11-26,2750.0,1246.58,217.19,1310,203.69,,5727.46
2025-11-27,2750.0,1246.58,232.49,1310,211.47,,5750.54
2025-11-28,2750.0,1246.58,227.46,1310,204.71,,5738.75
2025-11-29,2750.0,1246.58,214.98,1310,222.46,,5744.02
2025-11-30,2750.0,1246.58,217.51,1310,129.64,,5653.73
2025-12-01,2672.58,1246.58,201.99,1310,249.44,,5680.59
2025-12-02,2322.58,1246.58,225.23,110,173.78,,4078.17
2025-12-03,2322.58,1246.58,208.02,110,242.27,,4129.45
2025-12-04,2322.58,1246.58,216.82,110,193.13,,4089.11
2025-12-05,2322.58,1246.58,231.96,110,172.96,,4084.08
2025-12-06,2322.58,1246.58,201.0,110,185.04,,4065.2
2025-12-07,2322.58,1246.58,200.73,110,211.02,,4090.91
2025-12-08,2322.58,1246.58,233.1,110,175.33,,4087.59
2025-12-09,2322.58,1246.58,222.77,110,197.41,,4099.34
2025-12-10,2322.58,1246.58,179.78,110,201.37,,4060.31
2025-12-11,2322.58,1246.58,199.49,110,193.76,,4072.41
2025-12-12,2322.58,1246.58,183.24,110,229.16,,4091.56
2025-12-13,2322.58,1246.58,208.34,110,248.22,,4135.72
2025-12-14,2322.58,1246.58,177.41,110,165.87,,4022.44
2025-12-15,2322.58,1246.58,225.02,110,217.0,,4121.18
2025-12-16,2322.58,1246.58,192.17,110,176.44,,4047.77
2025-12-17,2322.58,1246.58,201.25,110,226.12,,4106.53
2025-12-18,2322.58,1246.58,185.53,110,202.48,,4067.17
2025-12-19,2322.58,1246.58,232.16,110,193.91,,4105.23
2025-12-20,2322.58,1246.58,205.49,110,185.71,,4070.36
2025-12-21,2322.58,1246.58,213.07,110,143.78,,4036.01
2025-12-22,2322.58,1246.58,207.19,110,198.22,,4084.57
2025-12-23,2322.58,1246.58,202.5,110,161.4,,4043.06
2025-12-24,2322.58,1246.58,204.88,110,188.82,,4072.86
2025-12-25,2322.58,1246.58,206.52,110,214.76,,4100.44
2025-12-26,2322.58,1246.58,226.15,110,168.08,,4073.39
2025-12-27,2322.58,1246.58,215.78,110,181.5,,4076.44
2025-12-28,2322.58,1246.58,214.17,110,161.11,,4054.44
2025-12-29,2322.58,1246.58,223.37,110,227.13,,4129.66
2025-12-30,2322.58,1246.58,210.58,110,233.96,,4123.7
2025-12-31,2322.58,1246.58,208.4,110,186.46,,4074.02
