Product_ID,Product_Name,Category,Menu_Price_Incl_VAT,Base_Unit_Cost,Kind,Base_Unit_Price_ex_VAT,Final_Unit_Price_ex_VAT,Final_Unit_Cost,Base_Margin_%,Base_Popularity_Weight
P001,Espresso,Espresso Drinks,13,1.95,hot,11.3,12.17,2.21,82.7,3.0
P002,Cortado,Espresso Drinks,16,2.6,hot,13.91,14.78,3.13,81.3,3.0
P003,Americano,Espresso Drinks,15,2.1,hot,13.04,13.91,2.38,83.9,9.0
P004,Cappuccino,Espresso Drinks,18,3.3,hot,15.65,16.52,3.97,78.9,7.0
P005,Latte,Espresso Drinks,19,3.6,hot,16.52,17.39,4.33,78.2,9.0
P006,Flat White,Espresso Drinks,19,3.4,hot,16.52,17.39,4.09,79.4,6.0
P007,Spanish Latte,Espresso Drinks,21,4.9,hot,18.26,19.13,5.89,73.2,14.0
P008,Mocha,Espresso Drinks,22,5.1,hot,19.13,20.0,6.13,73.3,4.0
P009,Caramel Macchiato,Espresso Drinks,22,5.0,hot,19.13,20.0,6.01,73.9,4.0
P010,Iced Americano,Iced Coffee,16,2.3,iced,13.91,14.78,2.61,83.5,7.0
P011,Iced Latte,Iced Coffee,20,3.9,iced,17.39,18.26,4.69,77.6,8.0
P012,Iced Spanish Latte,Iced Coffee,22,5.3,iced,19.13,20.0,6.37,72.3,13.0
P013,Iced Mocha,Iced Coffee,23,5.4,iced,20.0,20.87,6.49,73.0,3.0
P014,Cold Brew,Iced Coffee,21,3.1,iced,18.26,20.0,3.35,83.0,5.0
P015,V60 Pour Over,Specialty Coffee,26,7.9,hot,22.61,24.35,8.53,65.1,3.0
P016,Saudi Qahwa (Dallah),Specialty Coffee,28,5.0,hot,24.35,24.35,5.0,79.5,2.0
P017,Matcha Latte,Tea & Matcha,23,6.2,hot,20.0,20.0,6.57,69.0,4.0
P018,Iced Matcha Latte,Tea & Matcha,24,6.4,iced,20.87,20.87,6.78,69.3,5.0
P019,Karak Tea,Tea & Matcha,11,1.6,hot,9.57,9.57,1.7,83.3,4.0
P020,Black Tea,Tea & Matcha,9,0.8,hot,7.83,7.83,0.8,89.8,2.0
P021,Hot Chocolate,Other Beverages,18,4.2,hot,15.65,15.65,4.45,73.2,2.0
P022,Mint Lemonade,Other Beverages,17,2.6,iced,14.78,14.78,2.6,82.4,3.0
P023,Mineral Water,Other Beverages,3,0.9,addon,2.61,2.61,0.9,65.5,0.0
P024,Butter Croissant,Bakery,12,4.6,food,10.43,11.3,4.92,55.9,6.0
P025,Almond Croissant,Bakery,16,6.3,food,13.91,14.78,6.74,54.7,3.0
P026,Zaatar & Cheese Croissant,Bakery,14,5.6,food,12.17,13.04,5.99,54.0,3.0
P027,Chocolate Chip Cookie,Bakery,10,3.1,food,8.7,8.7,3.32,64.4,5.0
P028,Date Ma'amoul Cookie,Bakery,8,2.7,food,6.96,6.96,2.89,61.2,2.0
P029,San Sebastian Cheesecake,Desserts,29,10.5,food,25.22,26.96,11.24,58.4,4.0
P030,Chocolate Fudge Cake,Desserts,27,9.8,food,23.48,23.48,10.49,58.3,3.0
P031,Honey Cake,Desserts,25,8.6,food,21.74,21.74,9.2,60.4,2.0
P032,Turkey & Cheese Sandwich,Sandwiches,27,12.5,food,23.48,25.22,13.38,46.8,3.0
P033,Halloumi Pesto Sandwich,Sandwiches,26,11.8,food,22.61,24.35,12.63,47.8,3.0
P034,Chicken Caesar Wrap,Sandwiches,29,13.4,food,25.22,26.96,14.34,46.9,2.0
P035,Pumpkin Spice Latte,Seasonal,24,5.6,hot,20.87,20.87,6.73,73.2,7.0
P036,Pistachio Latte,Seasonal,25,6.6,hot,21.74,21.74,7.93,69.6,7.0
P037,Iced Saffron Rose Latte,Seasonal,25,6.9,iced,21.74,21.74,8.29,68.3,7.0
P038,National Day Green Latte,Seasonal,23,5.5,iced,20.0,20.0,5.83,72.5,8.0
P039,Ramadan Qahwa & Dates Box,Seasonal,65,21.0,food,56.52,56.52,22.47,62.8,5.0
P040,Eid Ma'amoul Box,Seasonal,55,22.0,food,47.83,47.83,23.54,54.0,4.0
