Promotion,First_Day,Last_Day,Days,Discount_Rate,Scope,Hours,Channels,Segments,Daily_Marketing_Budget
App Launch 25% Off,2023-09-10,2023-09-30,21,0.25,all,,Mobile App,,900
Founding Day Offer,2023-02-21,2023-02-23,3,0.15,beverages,,,,500
Founding Day Offer,2024-02-21,2024-02-23,3,0.15,beverages,,,,500
Founding Day Offer,2025-02-21,2025-02-23,3,0.15,beverages,,,,500
National Day Offer,2023-09-21,2023-09-24,4,0.2,beverages,,,,800
National Day Offer,2024-09-21,2024-09-24,4,0.2,beverages,,,,800
National Day Offer,2025-09-21,2025-09-24,4,0.2,beverages,,,,800
White Friday,2023-11-22,2023-11-27,6,0.2,all,,,,1200
White Friday,2024-11-27,2024-12-02,6,0.2,all,,,,1200
White Friday,2025-11-26,2025-12-01,6,0.2,all,,,,1200
Summer Iced Happy Hour,2024-07-01,2025-08-31,133,0.25,iced,"(14.0, 17.0)",,,250
Monday Boost 15%,2025-01-06,2025-02-24,8,0.15,beverages,,,,300
Back to School 15%,2024-08-18,2025-09-06,28,0.15,all,,,Student,300
Ramadan Nights Desserts 10%,2023-03-23,2025-03-29,88,0.1,desserts,,,,250
